Date,Close,High,Low,Open,Volume
1/11/19,3623.73999,3633.639893,3607.679932,3610.219971,27786500
4/11/19,3665.209961,3671.810059,3631.449951,3631.449951,41802200
5/11/19,3676.52002,3678.629883,3661.209961,3666.540039,48161300
6/11/19,3688.73999,3692.199951,3671.23999,3675.429932,42297600
7/11/19,3706.679932,3708.649902,3694.969971,3694.969971,44578300
8/11/19,3699.649902,3706.909912,3687.98999,3703.350098,42034700
11/11/19,3696.820068,3702.780029,3683.330078,3696.969971,31571600
12/11/19,3712.199951,3719.399902,3700.110107,3700.48999,34975300
13/11/19,3699.5,3710.73999,3679.629883,3710.73999,39598100
14/11/19,3688.810059,3702.939941,3687.27002,3699.72998,31667000
15/11/19,3711.610107,3713.26001,3690.060059,3698.060059,33449500
18/11/19,3704.919922,3716.790039,3687.300049,3711.179932,29746000
19/11/19,3696.560059,3733.449951,3688.590088,3704.879883,29828000
20/11/19,3683.879883,3688.860107,3663.209961,3688.860107,30770900
21/11/19,3679.659912,3688.370117,3651.51001,3675.75,30184400
22/11/19,3687.320068,3709.879883,3682.219971,3682.219971,31889400
25/11/19,3707.679932,3710.870117,3697.48999,3697.48999,23575400
26/11/19,3705.550049,3711.75,3694.699951,3708.429932,42776200
27/11/19,3712.850098,3721.76001,3704.48999,3708.709961,27538400
28/11/19,3704.47998,3708.159912,3698.219971,3707.050049,20880800
29/11/19,3703.580078,3719.830078,3686.939941,3699.340088,28771400
2/12/19,3626.659912,3729.73999,3623.120117,3703.76001,44663300
3/12/19,3610.98999,3647.52002,3594.800049,3635.149902,37666800
4/12/19,3660.02002,3665.899902,3611.949951,3611.949951,32156300
5/12/19,3648.129883,3683.070068,3648.129883,3663,25377700
6/12/19,3692.340088,3692.709961,3653.22998,3653.22998,29106900
9/12/19,3672.179932,3691.860107,3671.070068,3691.860107,26448800
10/12/19,3671.780029,3675.879883,3625,3671.969971,28580800
11/12/19,3687.449951,3692.110107,3659.530029,3667.449951,26621200
12/12/19,3706.350098,3723.600098,3675.629883,3689.669922,40502800
13/12/19,3731.070068,3765.699951,3720.649902,3720.649902,49284900
16/12/19,3772.73999,3778.469971,3738.909912,3738.909912,30015600
17/12/19,3745.280029,3769.139893,3742.620117,3769.139893,37228600
18/12/19,3739,3755.810059,3739,3744,33479600
19/12/19,3739.169922,3747.340088,3722.570068,3741.530029,35609900
20/12/19,3776.560059,3776.560059,3738.219971,3740.709961,84848100
23/12/19,3776.659912,3778.97998,3767.800049,3775.070068,23064700
27/12/19,3782.27002,3794.929932,3775.26001,3776.820068,24437900
30/12/19,3748.469971,3780.439941,3748.469971,3780.439941,18684000
3/01/20,3773.370117,3787.570068,3745.540039,3787.570068,30343400
6/01/20,3752.52002,3764.340088,3710.939941,3764.340088,28339400
7/01/20,3759.25,3784.419922,3748.129883,3760.090088,29853300
8/01/20,3772.560059,3775.429932,3732.899902,3752.870117,34988400
9/01/20,3795.879883,3807.090088,3782.77002,3782.77002,33480100
10/01/20,3789.52002,3803.909912,3786.929932,3801.120117,27400900
13/01/20,3779.679932,3798.580078,3768.449951,3789.870117,27508600
14/01/20,3774.879883,3783.76001,3745.469971,3779.350098,33071500
15/01/20,3768.959961,3778.939941,3755.300049,3774.929932,33409000
16/01/20,3774.139893,3785.669922,3758.550049,3770.959961,17583900
17/01/20,3808.26001,3813.800049,3780.540039,3780.540039,33003100
20/01/20,3799.030029,3805.610107,3791.51001,3804.73999,20831600
21/01/20,3789.120117,3789.120117,3760.360107,3786.26001,27585100
22/01/20,3769.790039,3802.679932,3765.48999,3792.050049,32477100
23/01/20,3736.850098,3770.01001,3734.060059,3764.100098,33330600
24/01/20,3779.159912,3795.330078,3744.75,3744.75,31726500
27/01/20,3677.840088,3754.629883,3673.800049,3754.629883,44844200
28/01/20,3719.219971,3722.709961,3671.73999,3684.689941,37478400
29/01/20,3736.360107,3743.26001,3715.73999,3717.639893,36474700
30/01/20,3690.780029,3717.929932,3676.659912,3717.929932,42455300
31/01/20,3640.909912,3705.330078,3639.439941,3697.669922,49702300
3/02/20,3661.27002,3673.280029,3641.840088,3646.860107,32500600
4/02/20,3732.280029,3732.280029,3670.97998,3670.97998,45379700
5/02/20,3777.840088,3782.850098,3717.719971,3727.219971,56845600
6/02/20,3805.52002,3808.73999,3790.540039,3791.070068,52514600
7/02/20,3798.48999,3806.060059,3782.209961,3804.860107,39161600
10/02/20,3793.179932,3794.179932,3779.100098,3794.179932,28458100
11/02/20,3825.840088,3832.060059,3804.459961,3804.459961,38624600
12/02/20,3854.429932,3854.429932,3829.659912,3829.659912,42244300
13/02/20,3846.73999,3849.100098,3799.97998,3849.100098,38736400
14/02/20,3840.969971,3851.419922,3835.790039,3847.929932,29903600
17/02/20,3853.27002,3854.300049,3841.060059,3843.100098,0
18/02/20,3836.540039,3848.560059,3826.22998,3848.560059,53062800
19/02/20,3865.179932,3865.429932,3846.389893,3846.389893,40369200
20/02/20,3822.97998,3867.280029,3822.97998,3867.280029,41279700
21/02/20,3800.379883,3827.360107,3776.820068,3816.51001,48443600
24/02/20,3647.97998,3762.350098,3632.290039,3762.350098,79995300
25/02/20,3572.51001,3668.699951,3568.47998,3655.840088,62808900
26/02/20,3577.679932,3595.800049,3467.580078,3567.030029,71790400
27/02/20,3455.919922,3553.050049,3410.699951,3553.050049,86756400
28/02/20,3329.48999,3431.52002,3283.179932,3431.52002,123088500
2/03/20,3338.830078,3406.399902,3257.98999,3355.330078,90017600
3/03/20,3371.969971,3448.23999,3354.300049,3355.52002,79445600
4/03/20,3420.560059,3438.209961,3350.22998,3374,66431500
5/03/20,3363.580078,3438.060059,3338.409912,3431.780029,73060200
6/03/20,3232.070068,3347.830078,3216.439941,3347.830078,85089300
9/03/20,2959.070068,3214.199951,2939.850098,3214.199951,143365800
10/03/20,2910.02002,3088.570068,2896.73999,2973.610107,118221300
11/03/20,2905.560059,2998.649902,2893.429932,2924.929932,87723500
12/03/20,2545.22998,2883.25,2535.889893,2883.25,167329900
13/03/20,2586.02002,2793.27002,2537.27002,2584.360107,136547100
16/03/20,2450.370117,2557.709961,2302.840088,2557.709961,137137000
17/03/20,2530.5,2555.409912,2376.22998,2475.179932,106905300
18/03/20,2385.820068,2507.330078,2365.699951,2507.330078,98214900
19/03/20,2454.080078,2461.570068,2345.300049,2388.939941,101353900
20/03/20,2548.5,2613.530029,2475.139893,2475.139893,133712500
23/03/20,2485.540039,2588.47998,2427.870117,2520.47998,0
24/03/20,2715.110107,2715.110107,2507.610107,2507.610107,87882800
25/03/20,2800.139893,2829.340088,2670.27002,2756.98999,90505600
26/03/20,2847.780029,2847.780029,2706.290039,2765.860107,65311000
27/03/20,2728.649902,2803.090088,2694.780029,2803.090088,66178500
30/03/20,2765.620117,2765.620117,2658.879883,2734.919922,64132100
31/03/20,2786.899902,2827.320068,2728.02002,2780.800049,74498500
1/04/20,2680.300049,2760.540039,2663.419922,2760.540039,63218900
2/04/20,2688.48999,2711.449951,2626.100098,2693.129883,66558700
3/04/20,2662.98999,2693.5,2655.800049,2686.070068,63604500
6/04/20,2795.969971,2804.699951,2701.860107,2701.860107,58554000
7/04/20,2857.669922,2914.459961,2819.530029,2819.530029,68931200
8/04/20,2851.27002,2851.27002,2793.709961,2846.25,47429200
9/04/20,2892.790039,2922.070068,2833.449951,2864.449951,63031900
14/04/20,2917.73999,2956.219971,2905.719971,2911.199951,51060900
15/04/20,2808.199951,2914.300049,2795.469971,2914.300049,60155000
16/04/20,2812.350098,2853.570068,2792.169922,2826.699951,53496700
17/04/20,2888.300049,2931.550049,2842.100098,2842.100098,61196500
20/04/20,2909.5,2909.5,2839.179932,2894.909912,42212500
21/04/20,2791.340088,2889.570068,2791.340088,2889.570068,50936200
22/04/20,2834.899902,2838.26001,2800.810059,2800.810059,41194100
23/04/20,2852.459961,2883.600098,2815.120117,2837.320068,41583000
24/04/20,2809.070068,2849.080078,2799.120117,2837.330078,42442100
27/04/20,2882.090088,2882.110107,2838.959961,2838.959961,36116400
28/04/20,2932.060059,2951.350098,2880.719971,2882.810059,54617500
29/04/20,2996.080078,3000.48999,2919.73999,2934.48999,50038700
30/04/20,2927.929932,3023.830078,2917.310059,3003.209961,72735300
4/05/20,2816.47998,2898.889893,2801.070068,2898.889893,57385400
5/05/20,2875.909912,2878.51001,2827.370117,2830.330078,48881400
6/05/20,2843.76001,2878.699951,2839.77002,2876.449951,41340100
7/05/20,2880.600098,2883.02002,2842.820068,2842.820068,40523600
8/05/20,2908.110107,2912.02002,2887.48999,2892.949951,30049200
11/05/20,2883.75,2927.26001,2861.709961,2915.719971,34181800
12/05/20,2884.199951,2896.399902,2871.25,2878.610107,34341700
13/05/20,2810.550049,2872.01001,2805.27002,2872.01001,43276900
14/05/20,2760.22998,2796.47998,2708.070068,2796.47998,57058600
15/05/20,2770.699951,2801.850098,2755.149902,2777.429932,45571600
18/05/20,2911.879883,2923.320068,2800.070068,2800.070068,49019700
19/05/20,2902.580078,2944.959961,2876.659912,2931.169922,67917600
20/05/20,2942.389893,2946.469971,2874.949951,2895.51001,53598800
22/05/20,2905.469971,2922.199951,2854.070068,2889.379883,45185000
25/05/20,2971.350098,2971.350098,2912.959961,2919.100098,26951600
26/05/20,2999.219971,3009.429932,2978.530029,2983.649902,57523000
27/05/20,3051.080078,3067.350098,3002.659912,3004.090088,79310100
28/05/20,3094.469971,3102.959961,3053.76001,3058.75,58748700
29/05/20,3050.199951,3096.23999,3049.330078,3081.780029,74784400
2/06/20,3159.02002,3168.47998,3096.149902,3096.149902,61020800
3/06/20,3269.590088,3275.679932,3169.72998,3169.72998,72247900
4/06/20,3261.669922,3293.26001,3232.790039,3261.090088,72905500
5/06/20,3384.290039,3386.959961,3281.919922,3281.919922,92614300
8/06/20,3366.290039,3394.899902,3341.23999,3378.939941,73190200
9/06/20,3320.709961,3377.199951,3294.73999,3368.550049,74580700
10/06/20,3293.709961,3355.76001,3289.25,3327.310059,52914000
11/06/20,3144.570068,3263.610107,3144.570068,3263.610107,75070500
12/06/20,3153.73999,3213.76001,3110.300049,3135.219971,56149700
15/06/20,3136.399902,3153.370117,3054.110107,3131.429932,52217200
16/06/20,3242.649902,3277.870117,3156.030029,3156.030029,65934800
17/06/20,3267.26001,3282.919922,3238.560059,3240.090088,51162200
18/06/20,3249.899902,3288.179932,3225.100098,3260.669922,53767800
19/06/20,3269.100098,3300.659912,3257,3257,111740900
22/06/20,3241.689941,3279.419922,3219.149902,3259.429932,35277100
23/06/20,3298.830078,3317.870117,3253.330078,3253.330078,47214600
24/06/20,3196.120117,3289,3196.120117,3289,45124300
25/06/20,3218.909912,3235.360107,3149.669922,3196.25,44003600
26/06/20,3204.169922,3272.969971,3199.810059,3233.139893,37104600
29/06/20,3232.02002,3252.330078,3183.110107,3196.209961,38658000
30/06/20,3234.070068,3249.429932,3209.959961,3235.870117,41993800
1/07/20,3228.449951,3250.560059,3181.120117,3239.860107,34844500
2/07/20,3320.090088,3335.399902,3239.47998,3239.47998,54200000
3/07/20,3294.379883,3330.47998,3279.070068,3321.830078,28269000
6/07/20,3350.030029,3375.699951,3314.399902,3314.399902,43068900
7/07/20,3321.560059,3338.719971,3299.98999,3338.719971,34866600
8/07/20,3286.090088,3324.850098,3278.100098,3310.830078,38168200
9/07/20,3261.169922,3315.540039,3253.580078,3291.699951,33328900
10/07/20,3296.219971,3299.540039,3241.290039,3255.399902,31875100
13/07/20,3350,3353.26001,3307.560059,3311.820068,32803300
14/07/20,3321.389893,3330.080078,3277.399902,3330.080078,36816100
15/07/20,3378.209961,3399.709961,3331.840088,3331.840088,46656400
16/07/20,3365.350098,3376.580078,3340.959961,3371.050049,34867400
17/07/20,3365.600098,3375.219971,3353.97998,3370.51001,40426900
20/07/20,3388.340088,3393.429932,3332.639893,3361.25,31559400
21/07/20,3405.350098,3451.159912,3401.419922,3404.159912,50373700
22/07/20,3370.76001,3402.189941,3361.530029,3399.879883,37088700
23/07/20,3371.73999,3400.919922,3362.340088,3379.570068,35874300
24/07/20,3310.889893,3349.540039,3294.889893,3349.540039,34261300
27/07/20,3302.840088,3317.179932,3292.47998,3308.169922,29102600
28/07/20,3303.560059,3316.820068,3280.669922,3302.679932,31361200
29/07/20,3300.159912,3314.959961,3293.620117,3304.219971,35922800
30/07/20,3208.199951,3300.610107,3174.379883,3300.610107,60167300
31/07/20,3174.320068,3245.969971,3174.320068,3211.209961,55693300
3/08/20,3248.280029,3263.649902,3173.97998,3177.76001,48849300
4/08/20,3254.290039,3278.560059,3230.52002,3253.840088,47676200
5/08/20,3268.379883,3293.169922,3258.320068,3258.320068,41255600
6/08/20,3240.389893,3286.100098,3223.75,3264.080078,65362700
7/08/20,3252.649902,3256.919922,3220.050049,3240.52002,37015800
10/08/20,3259.709961,3276.610107,3239.25,3259.27002,26234200
11/08/20,3332.120117,3349.76001,3269.909912,3269.909912,43225800
12/08/20,3363.179932,3377.439941,3321.459961,3327.879883,39366300
13/08/20,3342.850098,3368.070068,3336.570068,3358.090088,27817400
14/08/20,3305.050049,3339.330078,3275.909912,3339.330078,30330400
17/08/20,3305.850098,3319.100098,3285.98999,3305.649902,23388300
18/08/20,3289.639893,3333.639893,3276.02002,3301.360107,28149600
19/08/20,3317.620117,3317.840088,3275.51001,3287.080078,21319800
20/08/20,3273.97998,3306.689941,3257.600098,3306.689941,27996100
21/08/20,3259.75,3292.570068,3221.419922,3277.610107,35550800
24/08/20,3331.73999,3338.469971,3269.51001,3269.51001,29471500
25/08/20,3329.709961,3373.469971,3329.709961,3335.01001,33085400
26/08/20,3356.76001,3357.879883,3315.399902,3328.419922,22971400
27/08/20,3331.040039,3359.139893,3326.649902,3357.02002,34252000
28/08/20,3315.540039,3339.73999,3296.26001,3333.189941,34916100
31/08/20,3272.51001,3346.110107,3266.550049,3320.679932,38082400
1/09/20,3277.580078,3311.399902,3245.030029,3279.110107,39439400
2/09/20,3337.77002,3358.110107,3284.300049,3284.300049,39209800
3/09/20,3304.219971,3396.02002,3285.550049,3344.209961,41864100
4/09/20,3260.590088,3328.76001,3234.810059,3294.929932,52021800
7/09/20,3314.070068,3320.550049,3264.429932,3264.429932,30641700
8/09/20,3267.370117,3320.379883,3241.610107,3314.850098,40316200
9/09/20,3324.830078,3332.98999,3266.870117,3266.870117,38254800
10/09/20,3312.77002,3337.719971,3300.080078,3326.280029,37190800
11/09/20,3315.810059,3329.090088,3292.419922,3312.780029,36522100
14/09/20,3316.790039,3346.399902,3309.060059,3319.939941,26472800
15/09/20,3332.26001,3344.51001,3307.360107,3318.399902,31133000
16/09/20,3338.840088,3348.77002,3312.189941,3332.120117,39884600
17/09/20,3316.570068,3332.860107,3285.27002,3332.860107,38205500
18/09/20,3283.689941,3326.790039,3283.689941,3315.300049,137350900
21/09/20,3160.949951,3277.419922,3150.610107,3277.419922,67334300
22/09/20,3164.129883,3195.179932,3164.129883,3165.719971,42736000
23/09/20,3180.110107,3223.719971,3170.550049,3170.550049,40764500
24/09/20,3159.639893,3181.129883,3143.610107,3166.02002,36726900
25/09/20,3137.060059,3160.560059,3097.669922,3159.280029,34434700
28/09/20,3223.189941,3227.429932,3144.52002,3144.52002,33765100
29/09/20,3214.300049,3224.830078,3197.100098,3222.320068,26378700
30/09/20,3193.610107,3225.939941,3181.030029,3208.909912,31421800
1/10/20,3194.090088,3224.399902,3178.110107,3207.169922,31975300
2/10/20,3190.929932,3190.929932,3147.280029,3180.830078,29224800
5/10/20,3220.219971,3224.350098,3199.629883,3200.48999,27974800
6/10/20,3233.300049,3251.110107,3201.97998,3223.639893,34419500
7/10/20,3233.429932,3245.620117,3219.330078,3229.929932,30795800
8/10/20,3255.76001,3270.27002,3234.47998,3239.949951,31560600
9/10/20,3273.120117,3276.360107,3254.129883,3256.860107,28062700
12/10/20,3298.120117,3305.77002,3272.5,3276.5,24552700
13/10/20,3279.189941,3298.629883,3264.73999,3298.629883,27899000
14/10/20,3273.280029,3287.840088,3264.610107,3279.199951,24136500
15/10/20,3192.689941,3269.870117,3174.639893,3269.870117,40918700
16/10/20,3245.469971,3258.929932,3197.290039,3197.290039,38098800
19/10/20,3242.51001,3282.550049,3226.439941,3250.129883,21113800
20/10/20,3227.870117,3250.969971,3223.790039,3239.75,30353500
21/10/20,3180.699951,3238.070068,3176.949951,3232.629883,30459900
22/10/20,3171.409912,3185.030029,3135.47998,3180.959961,28351500
23/10/20,3198.860107,3217.959961,3162.370117,3167.959961,28506900
26/10/20,3105.25,3181.949951,3103.790039,3181.949951,30262900
27/10/20,3070.600098,3112.320068,3065.649902,3109.080078,40133600
28/10/20,2963.540039,3058.860107,2932.949951,3058.860107,59924100
29/10/20,2960.030029,2985.5,2920.870117,2961.48999,55410200
30/10/20,2958.209961,2972.449951,2928.560059,2950.280029,45697100
2/11/20,3019.540039,3029.850098,2953.919922,2969.370117,38685900
3/11/20,3098.719971,3101.040039,3030.889893,3030.889893,45463700
4/11/20,3161.070068,3164.560059,3043.189941,3083.790039,52144900
5/11/20,3215.560059,3222.51001,3167.780029,3167.780029,46046100
6/11/20,3204.050049,3224.48999,3168.969971,3210.370117,38532500
9/11/20,3407.909912,3442.120117,3217.399902,3217.399902,106006300
10/11/20,3442.620117,3460.080078,3396.399902,3405.48999,98233400
11/11/20,3467.300049,3473.820068,3433.26001,3444.570068,51670000
12/11/20,3428.199951,3457.709961,3421.959961,3453.360107,45823200
13/11/20,3432.070068,3457.590088,3416.179932,3423.629883,41525000
16/11/20,3466.209961,3497.100098,3440.050049,3447.860107,55798900
17/11/20,3468.47998,3471.899902,3442.699951,3461.540039,40480000
18/11/20,3482.169922,3489.310059,3451.889893,3463.969971,41195400
19/11/20,3451.969971,3466.669922,3440.219971,3466.669922,38187600
20/11/20,3467.600098,3484.290039,3442.810059,3447.959961,37867200
23/11/20,3463.040039,3506.23999,3463.040039,3480.590088,36743100
24/11/20,3507.97998,3510.620117,3476.610107,3476.610107,52932600
25/11/20,3511.899902,3520.73999,3494.070068,3513.77002,48980900
26/11/20,3510.939941,3524.080078,3508.699951,3518.669922,27287600
27/11/20,3527.790039,3536.459961,3507.969971,3509.790039,44686100
30/11/20,3492.540039,3538.52002,3492.540039,3518.909912,53483100
1/12/20,3525.23999,3532.909912,3499.280029,3499.280029,41995600
2/12/20,3521.320068,3523.300049,3502.100098,3515.639893,41426400
3/12/20,3517.100098,3523.600098,3502.649902,3520.530029,34857500
4/12/20,3539.27002,3540.689941,3516.179932,3516.179932,46292000
7/12/20,3530.080078,3536.050049,3499.139893,3536.050049,32036800
8/12/20,3525.870117,3531.689941,3503.280029,3522.98999,25582800
9/12/20,3529.02002,3557.389893,3527.419922,3532.040039,31808900
10/12/20,3522.310059,3541.23999,3498.959961,3529.040039,38432300
11/12/20,3485.840088,3515.830078,3461.469971,3515.830078,35371700
14/12/20,3503.959961,3531.949951,3497.840088,3497.840088,32494200
15/12/20,3521.5,3528.830078,3497.469971,3503.379883,32146400
16/12/20,3543,3560.709961,3523.929932,3524.120117,38833500
17/12/20,3560.870117,3573.449951,3550.370117,3550.370117,32518600
18/12/20,3545.73999,3586.439941,3544.77002,3556.149902,69147500
21/12/20,3448.679932,3516.659912,3401.139893,3516.659912,50408100
22/12/20,3497.48999,3503.030029,3455.939941,3455.939941,26354300
23/12/20,3539.26001,3544.550049,3502.429932,3502.429932,25529100
28/12/20,3575.409912,3583.209961,3554.129883,3554.129883,19599700
29/12/20,3581.370117,3603.169922,3576.76001,3580.449951,18324600
30/12/20,3571.590088,3591.25,3569.620117,3580.909912,16178100
4/01/21,3564.389893,3609.909912,3548.310059,3565.679932,31524100
5/01/21,3547.850098,3574.97998,3524.629883,3554.23999,31896700
6/01/21,3611.080078,3620.570068,3547.449951,3559.810059,50984300
7/01/21,3622.419922,3635.639893,3604.129883,3621.159912,36856200
8/01/21,3645.050049,3657.830078,3630.709961,3632.139893,33364700
11/01/21,3620.620117,3641.73999,3595.110107,3636.669922,30540000
12/01/21,3612.129883,3633.679932,3600.060059,3622.370117,33480900
13/01/21,3616.51001,3624.189941,3599.48999,3615.02002,27858200
14/01/21,3641.370117,3647.320068,3619.300049,3619.300049,35167600
15/01/21,3599.550049,3633.459961,3573.600098,3633.409912,39021900
18/01/21,3602.669922,3603.360107,3577.77002,3591.22998,20612100
19/01/21,3595.419922,3623.26001,3591.72998,3618.030029,25092300
20/01/21,3624.040039,3630.439941,3603.570068,3603.800049,27547400
21/01/21,3618.350098,3649.72998,3616.5,3637.860107,28630500
22/01/21,3602.409912,3611.429932,3570.679932,3611.429932,32662800
25/01/21,3553.139893,3621.48999,3540.25,3614.719971,42055600
26/01/21,3592.830078,3607.419922,3551.209961,3551.209961,43380300
27/01/21,3536.379883,3593.189941,3502.73999,3593.189941,52940000
28/01/21,3557.040039,3567.060059,3473.76001,3519.110107,63592600
29/01/21,3481.439941,3538.629883,3481.439941,3538.629883,50208600
1/02/21,3530.850098,3543.179932,3492.860107,3492.860107,30791900
2/02/21,3590.459961,3596.199951,3545.090088,3545.090088,39362600
3/02/21,3609.75,3632.669922,3599.360107,3599.76001,56215100
4/02/21,3642.120117,3644.639893,3604.620117,3604.620117,47389500
5/02/21,3655.77002,3668.399902,3642.280029,3642.689941,56119600
8/02/21,3665.51001,3681.820068,3661.879883,3665.77002,44042800
9/02/21,3661.129883,3670.800049,3649.5,3669.540039,31713900
10/02/21,3648.370117,3677.159912,3628.469971,3672.120117,32370100
11/02/21,3671.679932,3673.389893,3648.409912,3654.340088,29117700
12/02/21,3695.610107,3696.189941,3649.110107,3669.040039,30955700
15/02/21,3734.199951,3742.530029,3706.399902,3711.350098,35286100
16/02/21,3726.399902,3740.560059,3718.659912,3735.530029,28606200
17/02/21,3699.850098,3726.350098,3696.120117,3720.26001,35999700
18/02/21,3681.040039,3711.379883,3672.800049,3700.98999,31640800
19/02/21,3713.459961,3718.98999,3681.449951,3683.379883,39007400
22/02/21,3699.850098,3707.419922,3660.899902,3706.070068,30542000
23/02/21,3689.100098,3708.110107,3643.330078,3698.23999,39946600
24/02/21,3705.98999,3712.659912,3681.659912,3684.669922,33989500
25/02/21,3685.280029,3728.649902,3685.280029,3716.669922,48968200
26/02/21,3636.439941,3676.590088,3622.23999,3665.889893,45996600
1/03/21,3706.620117,3711.52002,3658.120117,3658.120117,31518300
2/03/21,3707.719971,3728.469971,3689.820068,3702.800049,29652600
3/03/21,3712.780029,3742.5,3687.449951,3711.389893,43726800
4/03/21,3704.850098,3716.310059,3680.830078,3702.370117,37058700
5/03/21,3669.540039,3714.26001,3656.209961,3689.409912,45455700
8/03/21,3763.23999,3767.449951,3679.350098,3679.350098,47410500
9/03/21,3786.050049,3795.629883,3754.620117,3759.26001,43297100
10/03/21,3819.919922,3822.659912,3780,3780.26001,34473700
11/03/21,3845.639893,3846.51001,3827.179932,3827.179932,36672200
12/03/21,3833.360107,3840.72998,3818.25,3840.72998,27642900
15/03/21,3829.840088,3857.070068,3818.199951,3840.850098,32094800
16/03/21,3850.959961,3856.780029,3838.219971,3842.330078,371200
17/03/21,3849.73999,3853.659912,3838.429932,3846.580078,336000
18/03/21,3867.540039,3874.909912,3852.25,3856.76001,48265500
19/03/21,3837.02002,3861.649902,3819.379883,3851.610107,86400200
22/03/21,3833.840088,3841.48999,3811.800049,3828.659912,26109800
23/03/21,3827.02002,3842.370117,3804.899902,3827.540039,27885100
24/03/21,3832.550049,3833.659912,3803.840088,3820.780029,27168000
25/03/21,3832.570068,3832.570068,3784.090088,3822.590088,24354600
26/03/21,3866.679932,3871.879883,3841.459961,3841.459961,24742600
29/03/21,3882.870117,3890.199951,3867.25,3871.820068,22652500
30/03/21,3926.199951,3929.48999,3885.110107,3885.110107,28353300
31/03/21,3919.209961,3925.969971,3910.899902,3923.919922,29086600
1/04/21,3945.959961,3948.98999,3922.360107,3922.360107,20590100
6/04/21,3970.419922,3988.100098,3950.179932,3950.179932,31219800
7/04/21,3956.77002,3971.889893,3952.120117,3965.860107,22480200
8/04/21,3977.830078,3977.919922,3961,3961,28520500
9/04/21,3978.840088,3987.72998,3970.409912,3978.840088,21456100
12/04/21,3961.899902,3980.52002,3961.899902,3978.540039,19441500
13/04/21,3966.98999,3980.570068,3953.26001,3964.909912,24474700
14/04/21,3976.280029,3982.080078,3968.679932,3973.330078,23439500
15/04/21,3993.429932,3997.689941,3978.389893,3978.389893,23965400
16/04/21,4032.98999,4037.610107,3991.199951,3992.560059,36668500
19/04/21,4019.909912,4040.879883,4017.699951,4033.590088,23393900
20/04/21,3940.459961,4018.659912,3935.830078,4014.01001,33916600
21/04/21,3976.409912,3985.310059,3943.189941,3943.189941,27397700
22/04/21,4014.800049,4017.189941,3979.580078,3979.580078,20988200
23/04/21,4013.340088,4016.820068,3981.870117,4011.100098,19471300
26/04/21,4020.830078,4026.330078,4004.530029,4013.070068,25159000
27/04/21,4011.909912,4019.209961,4001.23999,4017.919922,27504300
28/04/21,4015.030029,4026.73999,4006.340088,4011.02002,28225100
29/04/21,3996.899902,4033.870117,3985.25,4021.439941,34482600
30/04/21,3974.73999,4004.840088,3974.719971,3993.189941,28081300
3/05/21,4000.25,4009.72998,3965.5,3979.5,20815100
4/05/21,3924.800049,4018.139893,3919.459961,4001.129883,35163600
5/05/21,4002.790039,4003.090088,3927.290039,3927.290039,30131400
6/05/21,3999.439941,4022.73999,3974.820068,3997.699951,34946400
7/05/21,4034.25,4034.25,3999.929932,3999.929932,27533900
10/05/21,4023.350098,4035.659912,4014.669922,4031.98999,29530900
11/05/21,3946.060059,4020.48999,3917.639893,4020.48999,34990600
12/05/21,3947.429932,3964.800049,3925.850098,3947.649902,34878300
14/05/21,4017.439941,4017.439941,3961.100098,3970.76001,26881300
17/05/21,4006.840088,4032.110107,3993.879883,4018.159912,25369600
18/05/21,4005.340088,4043.209961,3996.75,4014.679932,28234500
19/05/21,3936.73999,3995.699951,3892.719971,3995.699951,32610000
20/05/21,3999.909912,3999.909912,3936.790039,3948.629883,25602600
21/05/21,4025.780029,4032.969971,3999.110107,4001.530029,31686500
25/05/21,4036.040039,4056.949951,4036.040039,4042.48999,24819400
26/05/21,4031.669922,4054.139893,4022.050049,4039.570068,25921600
27/05/21,4039.209961,4056.790039,4019.850098,4028.75,45813400
28/05/21,4070.560059,4075.870117,4042.370117,4042.370117,22778200
31/05/21,4039.459961,4071.73999,4037.25,4068.110107,17651900
1/06/21,4071.75,4101.259766,4044.070068,4044.070068,25122300
2/06/21,4088.5,4088.52002,4064.070068,4072.100098,23880600
3/06/21,4079.23999,4088.949951,4051.810059,4088.949951,23186200
4/06/21,4089.379883,4091.949951,4070.350098,4079.290039,23525900
7/06/21,4097.649902,4107.029785,4069.52002,4089.27002,23910700
8/06/21,4096.009766,4115.620117,4092.76001,4098.629883,24823900
9/06/21,4096.850098,4102.060059,4078.159912,4095.139893,18185000
10/06/21,4096.069824,4109.200195,4080.149902,4099.069824,25788700
11/06/21,4126.700195,4128.990234,4097.990234,4098.040039,21152700
14/06/21,4132.669922,4155.240234,4127.939941,4134.790039,21482000
15/06/21,4143.52002,4158.359863,4143.52002,4144.799805,21048300
16/06/21,4151.759766,4156.810059,4138.75,4145.5,25245000
17/06/21,4158.140137,4164.580078,4131.419922,4144.910156,30558000
18/06/21,4083.370117,4165.589844,4078.76001,4155.779785,65764800
21/06/21,4112.330078,4114.189941,4049.600098,4079.419922,25928900
22/06/21,4123.129883,4128.399902,4093.469971,4112.339844,21209500
23/06/21,4075.939941,4133.97998,4075.939941,4126.100098,20789500
24/06/21,4122.430176,4126.410156,4083.050049,4083.050049,22803800
25/06/21,4120.660156,4127.450195,4105.759766,4123.939941,20992600
28/06/21,4089.909912,4125.72998,4089,4119.870117,18089700
29/06/21,4107.509766,4124.330078,4090.290039,4092.300049,20700500
30/06/21,4064.300049,4111.97998,4048.050049,4104.75,30687000
1/07/21,4078.889893,4113.580078,4049.600098,4068.199951,22439000
2/07/21,4084.310059,4099.990234,4076.22998,4082.699951,18773900
5/07/21,4087.370117,4095.149902,4057.909912,4081.080078,14808700
6/07/21,4052.669922,4087.5,4038.77002,4087.5,23456700
7/07/21,4078.530029,4083.110107,4055.639893,4055.639893,24348900
8/07/21,3991.659912,4070.73999,3961.97998,4070.73999,39132300
9/07/21,4068.090088,4068.139893,3996.719971,3996.719971,26168200
12/07/21,4093.379883,4098.759766,4046.110107,4068.639893,18349400
13/07/21,4094.560059,4100.810059,4084.780029,4094.26001,23209800
14/07/21,4099.5,4104.830078,4077.139893,4088.100098,0
15/07/21,4056.389893,4096,4046.040039,4096,22665700
16/07/21,4035.77002,4072.580078,4014.580078,4060.219971,24114500
19/07/21,3928.530029,4018.909912,3904.780029,4018.909912,37554400
20/07/21,3956.340088,3979.280029,3920.929932,3937.399902,28529200
21/07/21,4026.679932,4029.090088,3973.899902,3973.899902,28961700
22/07/21,4059.050049,4078.580078,4037.939941,4037.939941,22556300
23/07/21,4109.100098,4111.430176,4066.699951,4066.699951,21702700
26/07/21,4102.589844,4106.399902,4072.860107,4103.5,25844200
27/07/21,4064.830078,4099.799805,4056.22998,4099.799805,22912400
28/07/21,4103.029785,4103.450195,4065.25,4067.840088,21437300
29/07/21,4116.77002,4128.810059,4104.97998,4104.97998,22534200
30/07/21,4089.300049,4114.279785,4078.330078,4113.109863,30295500
2/08/21,4116.620117,4135.680176,4095.5,4095.5,22391100
3/08/21,4117.950195,4129.209961,4102.129883,4114.52002,21789200
4/08/21,4144.899902,4150.089844,4124.330078,4124.330078,23473300
5/08/21,4161.080078,4166.140137,4141.299805,4141.299805,22244000
6/08/21,4174.540039,4183.919922,4155.160156,4159.040039,28549500
9/08/21,4177.149902,4186.049805,4170.950195,4175.569824,18159400
10/08/21,4187.819824,4197.120117,4178.589844,4178.589844,16678300
11/08/21,4206.330078,4219.060059,4184.870117,4189.629883,23519200
12/08/21,4226.330078,4232.220215,4204.120117,4205.740234,20472100
13/08/21,4229.700195,4242.259766,4223.490234,4225.72998,18086900
16/08/21,4202.439941,4219.790039,4188.970215,4219.790039,20108600
17/08/21,4196.399902,4202.02002,4172.669922,4197.850098,28102900
18/08/21,4189.419922,4199.5,4179.580078,4197.319824,22129400
19/08/21,4124.709961,4183.740234,4082.070068,4183.740234,31924300
20/08/21,4147.5,4150.660156,4105.990234,4125.299805,22116000
23/08/21,4176.419922,4184.029785,4157.490234,4160.759766,20011300
24/08/21,4178.080078,4197.669922,4163.689941,4182.680176,17977500
25/08/21,4181.120117,4188.22998,4178.169922,4178.169922,17482400
26/08/21,4169.870117,4176.279785,4141.330078,4172.319824,20147000
27/08/21,4190.97998,4192.089844,4160.470215,4167.390137,14670600
30/08/21,4198.799805,4202.870117,4191.790039,4191.990234,11036000
31/08/21,4196.410156,4222.620117,4175.319824,4201.77002,32956600
1/09/21,4227.27002,4251.390137,4207,4207,28014200
2/09/21,4232.100098,4239.02002,4219.419922,4225.029785,18496400
3/09/21,4201.97998,4234.259766,4182.959961,4234.259766,22430000
6/09/21,4246.129883,4252.779785,4204.069824,4204.069824,14030400
7/09/21,4225.009766,4245.759766,4219.859863,4244.399902,19617700
8/09/21,4177.149902,4219.819824,4160.370117,4219.819824,28205800
9/09/21,4177.109863,4194.589844,4134.799805,4171.459961,23634700
10/09/21,4170.350098,4205.220215,4161.089844,4184.049805,23727900
13/09/21,4189.529785,4210.620117,4174.669922,4174.669922,25543800
14/09/21,4191.669922,4202.439941,4163.950195,4188.350098,26396800
15/09/21,4145.939941,4196.600098,4145.939941,4188.919922,33864000
16/09/21,4169.870117,4190.169922,4151.629883,4151.629883,33372200
17/09/21,4130.839844,4213.72998,4119.27002,4180.279785,69032400
20/09/21,4043.629883,4102.189941,4011.48999,4102.189941,50987600
21/09/21,4097.509766,4106.759766,4049.689941,4049.689941,36490700
22/09/21,4150.189941,4150.189941,4104.430176,4104.430176,32150600
23/09/21,4194.919922,4206.109863,4158.209961,4158.209961,34075700
24/09/21,4158.509766,4188.430176,4149.939941,4188.430176,26615400
27/09/21,4165.47998,4196.069824,4159.600098,4164.629883,38017500
28/09/21,4058.820068,4160.470215,4056.169922,4160.470215,42079300
29/09/21,4080.219971,4108.220215,4070.449951,4070.449951,28452300
30/09/21,4048.080078,4116.350098,4048.080078,4089.159912,39716900
1/10/21,4035.300049,4055.01001,3981.810059,4037.159912,34489200
4/10/21,3996.409912,4037.350098,3993.870117,4026.699951,26074700
5/10/21,4065.429932,4066.639893,4001.419922,4002.610107,43061600
6/10/21,4012.649902,4049.639893,3965.870117,4049.639893,45053800
7/10/21,4098.339844,4099.390137,4037.47998,4037.47998,44367100
8/10/21,4073.290039,4101.959961,4073.290039,4097.120117,30081000
11/10/21,4072.52002,4076.800049,4043.780029,4071.149902,28502200
12/10/21,4055.090088,4063.47998,4019.550049,4058.540039,27490700
13/10/21,4083.280029,4092.72998,4040.310059,4052.47998,30575100
14/10/21,4149.060059,4151.759766,4088.139893,4088.139893,34747300
15/10/21,4182.910156,4186.609863,4159.069824,4160.040039,52844100
18/10/21,4151.399902,4177.72998,4131.410156,4177.72998,32046900
19/10/21,4166.830078,4169.609863,4151.439941,4159.220215,29474200
20/10/21,4172.169922,4178.950195,4143.830078,4164.5,26139300
21/10/21,4155.72998,4166.5,4140.060059,4163.620117,23622000
22/10/21,4188.810059,4203.669922,4158.439941,4158.439941,23223000
25/10/21,4188.310059,4198.970215,4185.140137,4194.839844,25371300
26/10/21,4223.970215,4230.879883,4187.549805,4187.549805,26048800
27/10/21,4220.879883,4226.990234,4205.419922,4220.740234,30330600
28/10/21,4233.870117,4236.200195,4213.169922,4220.740234,29454600
29/10/21,4250.560059,4250.680176,4187.810059,4228.72998,35857400
1/11/21,4280.470215,4291.810059,4256.930176,4256.930176,28152400
2/11/21,4296.220215,4297.450195,4273.100098,4276.720215,24980200
3/11/21,4309.609863,4309.660156,4291.100098,4292.589844,28690300
4/11/21,4333.339844,4340.810059,4314.509766,4314.509766,37958100
5/11/21,4363.040039,4375.040039,4330.140137,4330.140137,31450400
8/11/21,4352.529785,4366.540039,4352.450195,4359.740234,24731400
9/11/21,4344.629883,4364.040039,4337.660156,4346.620117,24140500
10/11/21,4348.819824,4358.459961,4330.290039,4349.799805,26208000
11/11/21,4358,4358.799805,4334.930176,4347.259766,21881800
12/11/21,4370.330078,4372.319824,4352.430176,4357.899902,21906700
15/11/21,4386.189941,4386.189941,4364.52002,4364.52002,22953300
16/11/21,4401.490234,4406.459961,4389.52002,4393.799805,23199400
17/11/21,4400.810059,4409.240234,4399.25,4399.25,21946300
18/11/21,4383.700195,4415.22998,4377.72998,4400.72998,30449200
19/11/21,4356.470215,4401.919922,4333.859863,4385.660156,53668100
22/11/21,4338.689941,4371.600098,4336.169922,4361.950195,35014300
23/11/21,4283.819824,4328.47998,4267.22998,4320.410156,31499500
24/11/21,4276.25,4305.490234,4240.779785,4284.600098,32984600
25/11/21,4293.240234,4304.859863,4278.799805,4286.629883,20877800
26/11/21,4089.580078,4213.930176,4086.659912,4213.930176,66887000
29/11/21,4109.509766,4154.149902,4097.97998,4117.790039,42566100
30/11/21,4063.060059,4110.959961,4027.429932,4089.51001,67918500
1/12/21,4179.149902,4187.859863,4080.850098,4080.850098,37478200
2/12/21,4108.02002,4157.700195,4086.820068,4157.700195,36900400
3/12/21,4080.149902,4150.419922,4059.02002,4118.97998,33308500
6/12/21,4137.109863,4146.160156,4078.639893,4095.389893,30033400
7/12/21,4276.200195,4277.029785,4157.720215,4157.720215,34420800
8/12/21,4233.089844,4288.200195,4233.089844,4273.319824,32546900
9/12/21,4208.299805,4246.52002,4201.850098,4242.660156,26129200
10/12/21,4199.160156,4221.569824,4178.660156,4198.180176,25370900
13/12/21,4183.040039,4241.120117,4176.970215,4206.450195,24169200
14/12/21,4144.509766,4210.52002,4143.5,4198.899902,28737700
15/12/21,4159.680176,4176.140137,4147.160156,4147.160156,25819200
16/12/21,4201.870117,4250.899902,4198.25,4198.25,35425700
17/12/21,4161.350098,4195.939941,4130.359863,4195.939941,59792700
20/12/21,4107.129883,4140.330078,4046.689941,4140.330078,30146400
21/12/21,4174.990234,4174.990234,4120.47998,4120.47998,23844700
22/12/21,4217.060059,4217.060059,4167.890137,4180.890137,19256600
23/12/21,4265.859863,4270.290039,4221.899902,4221.899902,20498000
27/12/21,4287.97998,4293.890137,4240.490234,4249.899902,13904700
28/12/21,4311.930176,4319.689941,4287.109863,4290.540039,16909200
29/12/21,4284.830078,4312.450195,4271.370117,4311.129883,16659800
30/12/21,4306.069824,4309.540039,4285.290039,4286.629883,18578400
3/01/22,4331.819824,4348.660156,4303.939941,4303.939941,25841400
4/01/22,4367.620117,4390.589844,4342.25,4346.450195,32585300
5/01/22,4392.149902,4395.779785,4367.029785,4368.779785,29744700
6/01/22,4324.810059,4372.450195,4304.540039,4372.450195,32675500
7/01/22,4305.830078,4335.720215,4279.709961,4331.069824,31689000
10/01/22,4239.52002,4324.640137,4231.060059,4312.129883,31296700
11/01/22,4281.540039,4303.169922,4251.799805,4251.799805,26401700
12/01/22,4316.390137,4328.759766,4289,4306.25,39871000
13/01/22,4315.899902,4335.490234,4294.990234,4319.259766,31408300
14/01/22,4272.189941,4307.47998,4256.609863,4307.47998,34933600
17/01/22,4302.140137,4310.490234,4274.25,4281.310059,20507500
18/01/22,4257.819824,4293.580078,4234.290039,4293.580078,29766200
19/01/22,4268.279785,4302.169922,4234.620117,4249.399902,34560000
20/01/22,4299.609863,4300.640137,4248.009766,4271.25,31731200
21/01/22,4229.560059,4278.180176,4188.930176,4278.180176,43750100
24/01/22,4054.360107,4224.470215,4035.280029,4213.830078,45808100
25/01/22,4078.26001,4112.25,4039.52002,4078.810059,33488900
26/01/22,4164.600098,4188.169922,4096.509766,4096.509766,36434800
27/01/22,4184.970215,4204.859863,4088.909912,4144.779785,42382400
28/01/22,4136.910156,4181.22998,4071.709961,4174.569824,35332400
31/01/22,4174.600098,4200.830078,4134.069824,4161.77002,39621200
1/02/22,4224.450195,4232.439941,4184.629883,4184.629883,33003900
2/02/22,4222.049805,4259.279785,4222.049805,4242.740234,37636600
3/02/22,4141.02002,4215.410156,4141.02002,4215.410156,47345600
4/02/22,4086.580078,4167.870117,4067.51001,4154.75,47412800
7/02/22,4120.560059,4131.839844,4074.860107,4101.890137,38510200
8/02/22,4129.25,4156.169922,4103.629883,4117.209961,39831700
9/02/22,4204.089844,4208.759766,4140.410156,4140.410156,45881400
10/02/22,4197.069824,4239.609863,4169.839844,4208.200195,46945200
11/02/22,4155.22998,4177.910156,4133.350098,4170.72998,39788800
14/02/22,4064.449951,4125.310059,4002.909912,4125.310059,53341700
15/02/22,4143.709961,4143.709961,4043.570068,4059.25,38905400
16/02/22,4137.220215,4180.319824,4117.169922,4149.560059,31014500
17/02/22,4113.189941,4158.439941,4092.790039,4139.879883,32105300
18/02/22,4074.280029,4128.72998,4054.719971,4107.720215,32432200
21/02/22,3985.709961,4104.629883,3957.199951,4090.709961,29685200
22/02/22,3985.469971,4016.459961,3894.98999,3960.199951,43502500
23/02/22,3973.409912,4054.169922,3962.790039,3991.659912,32529000
24/02/22,3829.290039,3939.51001,3765.419922,3939.51001,88823100
25/02/22,3970.689941,3970.830078,3829.280029,3836.850098,66184900
28/02/22,3924.22998,3940.98999,3825.080078,3940.98999,77052100
1/03/22,3765.850098,3923.75,3765.850098,3920.030029,71926900
2/03/22,3820.590088,3849.719971,3720.719971,3755.27002,67451800
3/03/22,3741.780029,3841.919922,3731.350098,3819.139893,50887800
4/03/22,3556.01001,3723.969971,3556.01001,3723.969971,74416700
7/03/22,3512.219971,3599.929932,3387,3529.570068,82263800
8/03/22,3505.290039,3610.949951,3469.199951,3489.159912,71843700
9/03/22,3766.02002,3766.02002,3548.48999,3548.48999,75625000
10/03/22,3651.389893,3764.639893,3627.129883,3764.639893,61005800
11/03/22,3686.780029,3801.47998,3630.280029,3657.370117,56506500
14/03/22,3741.100098,3789.580078,3694.76001,3694.76001,41810600
15/03/22,3738.110107,3753.26001,3641.5,3723.22998,43611100
16/03/22,3889.689941,3929.959961,3766.790039,3766.790039,64059900
17/03/22,3885.320068,3913.719971,3843.100098,3901.699951,47894200
18/03/22,3902.439941,3902.439941,3824.02002,3886.48999,63142100
21/03/22,3881.800049,3914.080078,3877.590088,3900.840088,30428700
22/03/22,3926.120117,3935.449951,3886.26001,3886.26001,32175200
23/03/22,3869.219971,3937.810059,3853.540039,3934.129883,34113400
24/03/22,3863.389893,3892.909912,3845.439941,3874.320068,31635100
25/03/22,3867.72998,3903.939941,3853.350098,3871.340088,28929500
28/03/22,3887.100098,3946.780029,3870.330078,3870.330078,33829800
29/03/22,4002.179932,4024.889893,3906.469971,3906.469971,50862600
30/03/22,3959.139893,3997.459961,3942.810059,3997.459961,34135500
31/03/22,3902.52002,3979.699951,3902.52002,3964.01001,35964000
1/04/22,3918.679932,3935.72998,3895.699951,3906.570068,28145300
4/04/22,3951.120117,3956.590088,3891,3925.27002,26730400
5/04/22,3917.850098,3969.040039,3896.620117,3952.580078,33315200
6/04/22,3824.689941,3915.530029,3792.560059,3915.530029,46123100
7/04/22,3802.01001,3874.290039,3797.600098,3836.459961,34691100
8/04/22,3858.370117,3872.590088,3812.080078,3812.080078,32208000
11/04/22,3839.620117,3870.060059,3813.159912,3845.699951,28850700
12/04/22,3831.469971,3853.22998,3763.320068,3818.76001,33593000
13/04/22,3827.959961,3833.97998,3788.870117,3827.469971,27163700
14/04/22,3848.679932,3859.590088,3823.850098,3834.330078,31407300
19/04/22,3830.76001,3848.629883,3793.469971,3842.070068,27117700
20/04/22,3896.810059,3905.75,3833.459961,3835.159912,33043600
21/04/22,3928.030029,3954.300049,3897.459961,3901.330078,28253800
22/04/22,3840.01001,3905.800049,3838.189941,3905.800049,36305200
25/04/22,3757.590088,3826.959961,3739.669922,3826.959961,34942000
26/04/22,3721.360107,3804.959961,3717.97998,3769.659912,43591400
27/04/22,3734.639893,3748.969971,3675.540039,3719.350098,44556600
28/04/22,3777.02002,3809.23999,3731.949951,3750.209961,34553600
29/04/22,3802.860107,3833.889893,3785.580078,3785.580078,35628500
2/05/22,3732.439941,3772.909912,3692.820068,3772.909912,29907400
3/05/22,3761.189941,3773.300049,3727.52002,3738.48999,31995200
4/05/22,3724.98999,3767.659912,3724.949951,3758.439941,26726600
5/05/22,3696.629883,3814.110107,3684.449951,3744.909912,41075500
6/05/22,3629.169922,3678.850098,3602.77002,3678.850098,47206400
9/05/22,3526.860107,3628.25,3526.860107,3618.449951,34328300
10/05/22,3554.800049,3611.080078,3537.659912,3537.659912,36975300
11/05/22,3647.870117,3647.870117,3553.719971,3575.159912,40397400
12/05/22,3613.429932,3637.620117,3544.560059,3617.709961,37608100
13/05/22,3703.419922,3703.419922,3628.25,3628.25,30820400
16/05/22,3685.340088,3705.22998,3660.189941,3695.780029,25624100
17/05/22,3741.51001,3752.139893,3696.01001,3696.01001,29254100
18/05/22,3690.73999,3752.290039,3684.360107,3745.23999,27470800
19/05/22,3633.330078,3662.530029,3592.01001,3662.530029,32438400
20/05/22,3657.030029,3710.669922,3645.77002,3650.090088,37523800
23/05/22,3708.389893,3708.389893,3653.139893,3669.530029,31080500
24/05/22,3647.560059,3700.120117,3645.51001,3700.120117,31888600
25/05/22,3677.100098,3690.820068,3633.780029,3652.389893,32818300
27/05/22,3808.860107,3808.860107,3744.629883,3744.629883,27506100
30/05/22,3841.620117,3852.679932,3817.709961,3817.709961,25414500
31/05/22,3789.209961,3833.72998,3780.409912,3833.030029,53942600
1/06/22,3759.540039,3813.040039,3755.060059,3800.100098,29497900
2/06/22,3795.129883,3799.179932,3761.189941,3761.189941,18420000
3/06/22,3783.659912,3822.370117,3777.469971,3813.290039,20349100
7/06/22,3806.73999,3830.209961,3783.350098,3830.209961,22608200
8/06/22,3788.929932,3823.97998,3768.429932,3815.77002,27006900
9/06/22,3724.449951,3788.969971,3719.52002,3780.030029,32691000
10/06/22,3599.199951,3716.560059,3596.639893,3716.560059,56996300
13/06/22,3502.5,3581.870117,3494.310059,3581.870117,48850900
14/06/22,3475.179932,3540.870117,3466.689941,3512.040039,35902300
15/06/22,3532.320068,3549.27002,3487.439941,3496.280029,42377900
16/06/22,3427.909912,3528.110107,3420.649902,3528.110107,40203200
17/06/22,3438.459961,3485.939941,3422.780029,3433.560059,73481500
20/06/22,3469.830078,3469.850098,3429.399902,3443.25,27025000
21/06/22,3494,3524.23999,3469.830078,3469.830078,28682300
22/06/22,3464.639893,3494,3413.040039,3494,31496400
23/06/22,3436.290039,3481.850098,3411.830078,3456.350098,39573200
24/06/22,3533.169922,3538.939941,3443.280029,3443.280029,33373800
27/06/22,3538.879883,3595.669922,3523.969971,3537.860107,33202600
28/06/22,3549.290039,3583.459961,3545.889893,3545.919922,28200500
29/06/22,3514.320068,3534.820068,3495.179932,3534.820068,27093600
30/06/22,3454.860107,3501.199951,3414.73999,3501.199951,47870300
1/07/22,3448.310059,3471.25,3405.439941,3450.620117,34144000
4/07/22,3452.419922,3476.629883,3445.389893,3458.98999,28136000
5/07/22,3359.830078,3477.040039,3357.060059,3464.389893,40506100
6/07/22,3421.840088,3438.959961,3368.51001,3368.51001,37702500
7/07/22,3488.5,3493.939941,3443.25,3443.25,37434300
8/07/22,3506.550049,3510.860107,3454.51001,3484.709961,30502700
11/07/22,3471.689941,3492.110107,3440.139893,3485,25927600
12/07/22,3487.050049,3489.370117,3425.590088,3457.149902,43011800
13/07/22,3453.969971,3481.820068,3409.540039,3481.820068,30818000
14/07/22,3396.610107,3454.26001,3372.120117,3449.340088,44508800
15/07/22,3477.199951,3480.850098,3394.02002,3402.679932,42287500
18/07/22,3511.860107,3532.610107,3480.360107,3480.360107,33832300
19/07/22,3587.439941,3593.780029,3473.639893,3498.429932,38039300
20/07/22,3585.23999,3605.320068,3546.459961,3583.860107,40305000
21/07/22,3596.51001,3611.100098,3554.689941,3581.719971,50380200
22/07/22,3596.48999,3625.159912,3577.810059,3589.959961,37701200
25/07/22,3604.159912,3619.52002,3572.75,3592.330078,28368100
26/07/22,3575.360107,3604.370117,3571.840088,3602.01001,26051200
27/07/22,3607.780029,3617.5,3583.389893,3583.389893,28849600
28/07/22,3652.199951,3652.870117,3594.580078,3623.290039,39513900
29/07/22,3708.100098,3720.159912,3662.699951,3662.699951,47393000
2/08/22,3684.629883,3701.629883,3664.280029,3701.629883,29913500
3/08/22,3732.540039,3734.790039,3681.889893,3687.98999,29490700
4/08/22,3754.600098,3781.570068,3733.52002,3733.52002,31192400
5/08/22,3725.389893,3757.47998,3716.389893,3751.51001,29117700
8/08/22,3757.219971,3778.98999,3737.310059,3737.310059,24556800
9/08/22,3715.370117,3755.320068,3711.550049,3752.26001,22617300
10/08/22,3749.350098,3757.889893,3694.879883,3714.399902,25956200
11/08/22,3757.050049,3771.199951,3741.25,3761.449951,23953000
12/08/22,3776.810059,3784.189941,3756.189941,3760.580078,26900300
15/08/22,3789.620117,3794.899902,3763.030029,3782.189941,21425200
16/08/22,3805.219971,3819.120117,3786.590088,3796.040039,23982100
17/08/22,3756.060059,3813.040039,3751.570068,3806.929932,25845100
18/08/22,3777.379883,3779.77002,3748.889893,3755.850098,21449800
19/08/22,3730.320068,3772.25,3725.550049,3772.25,31651600
22/08/22,3658.219971,3724.139893,3643.719971,3724.139893,31457800
23/08/22,3652.52002,3674.72998,3635.27002,3654.040039,29737400
24/08/22,3667.459961,3672.790039,3626.409912,3651.050049,22406900
25/08/22,3674.540039,3703.52002,3659.75,3670.570068,28976000
26/08/22,3603.679932,3706.48999,3593.47998,3682.02002,32299200
29/08/22,3570.51001,3600.47998,3537.23999,3600.47998,23779200
30/08/22,3561.919922,3629.5,3545.919922,3576.889893,30129900
31/08/22,3517.25,3583.050049,3517.25,3571.969971,41297400
1/09/22,3456.699951,3514.48999,3448.48999,3514.48999,27771400
2/09/22,3544.379883,3548.850098,3466.659912,3466.659912,29976900
5/09/22,3490.01001,3532.77002,3445.840088,3532.77002,26166800
6/09/22,3500.139893,3521.100098,3471.889893,3490.159912,25364400
7/09/22,3502.090088,3510.899902,3462.860107,3495.02002,28569400
8/09/22,3512.379883,3524.639893,3454.600098,3510.909912,34830400
9/09/22,3570.040039,3581.570068,3512.709961,3512.709961,36556400
12/09/22,3646.51001,3657.22998,3579.179932,3579.179932,36112400
13/09/22,3586.179932,3683.02002,3586.080078,3649.23999,34987400
14/09/22,3567.560059,3591.370117,3545.800049,3583.879883,29903900
15/09/22,3541.790039,3586.360107,3532.080078,3566.469971,42869700
16/09/22,3500.409912,3532.199951,3482.399902,3532.199951,64574500
19/09/22,3499.48999,3520.110107,3451.51001,3499.780029,24090400
20/09/22,3467.090088,3537.909912,3459.939941,3500.419922,35424200
21/09/22,3491.870117,3494.409912,3425.699951,3461.300049,28274900
22/09/22,3427.139893,3494.379883,3427.060059,3476.22998,29846400
23/09/22,3348.600098,3427.139893,3330.100098,3427.139893,37876000
26/09/22,3342.560059,3377.610107,3325.199951,3343.199951,32215800
27/09/22,3328.649902,3396.080078,3328.649902,3349.939941,38819300
28/09/22,3335.300049,3339.550049,3259.330078,3322.590088,43673200
29/09/22,3279.040039,3332.800049,3249.570068,3332.800049,40550100
30/09/22,3318.199951,3324.23999,3279.97998,3282,39522200
3/10/22,3342.169922,3348.449951,3259.75,3309.02002,31500900
4/10/22,3484.47998,3484.47998,3359.709961,3359.709961,37025400
5/10/22,3447.719971,3480.449951,3427.699951,3479.23999,30015000
6/10/22,3433.449951,3476.669922,3419.800049,3455.280029,26750600
7/10/22,3375.459961,3434.129883,3373.649902,3419.310059,28227400
10/10/22,3356.879883,3389.939941,3338.360107,3367.860107,24639400
11/10/22,3340.350098,3356.409912,3310.409912,3352.540039,28872900
12/10/22,3331.530029,3365.850098,3315.540039,3339.5,27895000
13/10/22,3362.399902,3373.110107,3256.320068,3321.179932,35395100
14/10/22,3381.72998,3452.98999,3371.709961,3371.709961,34861200
17/10/22,3441.639893,3456.810059,3369.550049,3382.120117,26488900
18/10/22,3463.830078,3511.060059,3449.949951,3449.949951,32665300
19/10/22,3471.23999,3498.199951,3458.169922,3466.709961,23229200
20/10/22,3492.850098,3501.580078,3451.75,3467.570068,29617500
21/10/22,3476.629883,3488.01001,3422.929932,3477.27002,38820800
24/10/22,3527.790039,3552.73999,3473.209961,3488.780029,31331300
25/10/22,3585.580078,3585.580078,3511.52002,3536.919922,29931100
26/10/22,3605.310059,3609.719971,3560.429932,3586.469971,31449100
27/10/22,3604.51001,3618.72998,3565.360107,3604.949951,38256800
28/10/22,3613.02002,3615.909912,3558.550049,3594.600098,29709100
31/10/22,3617.540039,3631.22998,3606.969971,3622.550049,29741100
1/11/22,3651.02002,3680.23999,3628.600098,3628.600098,27274900
2/11/22,3622.01001,3675.659912,3621.179932,3653.419922,29427000
3/11/22,3593.179932,3597.580078,3563.419922,3596.070068,28571100
4/11/22,3688.330078,3711.209961,3601.919922,3601.919922,50017600
7/11/22,3708.800049,3719.209961,3667.97998,3682.459961,34448100
8/11/22,3739.280029,3741.290039,3695.169922,3704.199951,27401900
9/11/22,3728.030029,3739.649902,3708.51001,3735.469971,30769500
10/11/22,3846.560059,3849.139893,3706.790039,3717.689941,44833600
11/11/22,3868.5,3890.25,3859.5,3873.070068,38268800
14/11/22,3887.51001,3915.669922,3872.209961,3873.51001,27377000
15/11/22,3915.090088,3932.22998,3889.25,3896.290039,31088400
16/11/22,3882.780029,3918.969971,3873.340088,3911.679932,29788000
17/11/22,3878.419922,3910.169922,3842.870117,3890.169922,32444500
18/11/22,3924.840088,3940.939941,3889.560059,3889.560059,43431600
21/11/22,3909.280029,3921.949951,3896.709961,3915.659912,32334100
22/11/22,3929.899902,3935.550049,3901.139893,3903.800049,32160400
23/11/22,3946.439941,3950.139893,3925.370117,3938.570068,28050200
24/11/22,3961.98999,3976.429932,3947.159912,3948.780029,21285500
25/11/22,3962.409912,3975.169922,3951.639893,3962.26001,22532600
28/11/22,3935.51001,3957.560059,3925.129883,3952.709961,26030300
29/11/22,3934.439941,3953.97998,3924.560059,3941.550049,26485800
30/11/22,3964.719971,3972.689941,3943.459961,3945.709961,54927900
1/12/22,3984.5,4004.189941,3968.889893,3970.679932,35844500
2/12/22,3977.899902,3996.570068,3940.52002,3974.159912,28794900
5/12/22,3956.530029,3977.72998,3950.310059,3973.449951,20318200
6/12/22,3939.189941,3963.51001,3924.649902,3953.5,26961700
7/12/22,3920.899902,3944.030029,3911.459961,3929.709961,25630500
8/12/22,3921.27002,3931.080078,3903.929932,3926.169922,19982600
9/12/22,3942.620117,3946.5,3905.939941,3926.590088,26353100
12/12/22,3921.820068,3936.110107,3911.669922,3931.590088,20949200
13/12/22,3986.830078,4035.149902,3923.929932,3926.360107,33650300
14/12/22,3975.26001,3980.709961,3955.149902,3980.709961,26716900
15/12/22,3835.699951,3950.02002,3831.209961,3950.02002,49103300
16/12/22,3804.02002,3837.77002,3783.939941,3831,72865300
19/12/22,3811.23999,3835.629883,3808.530029,3808.530029,22537800
20/12/22,3802.48999,3816.899902,3767.26001,3790.580078,28095300
21/12/22,3872.149902,3874.360107,3810.870117,3810.870117,25091800
22/12/22,3823.290039,3889.699951,3817.48999,3870.97998,20223900
23/12/22,3817.01001,3833.610107,3798.73999,3823.699951,14824600
27/12/22,3832.889893,3854.610107,3826.98999,3826.98999,12768100
28/12/22,3808.820068,3842.219971,3805.939941,3833.449951,13848100
29/12/22,3850.070068,3851.389893,3793.25,3803.23999,17579300
30/12/22,3793.620117,3845.919922,3792.090088,3845.919922,16362700
3/01/23,3882.290039,3921.370117,3852.070068,3852.070068,33158800
4/01/23,3973.969971,3975.5,3891.040039,3891.040039,39907300
5/01/23,3959.47998,3974.610107,3950.419922,3967.01001,26926500
6/01/23,4017.830078,4017.850098,3951.929932,3959.959961,28231800
9/01/23,4068.620117,4080.550049,4025.159912,4027.51001,32735200
10/01/23,4057.459961,4063.290039,4042.419922,4052.620117,26652000
11/01/23,4099.759766,4107.810059,4062.379883,4062.379883,30655700
12/01/23,4126.680176,4144.370117,4104.140137,4104.140137,32437900
13/01/23,4150.799805,4160.970215,4129.109863,4129.109863,31280200
16/01/23,4157,4162.509766,4145.27002,4155.740234,20970800
17/01/23,4174.330078,4193.299805,4142.290039,4153.930176,31147800
18/01/23,4174.339844,4197.470215,4171.029785,4171.029785,29028600
19/01/23,4094.280029,4158.569824,4092.570068,4156.100098,35793800
20/01/23,4119.899902,4126.169922,4100.169922,4101.640137,36594000
23/01/23,4150.819824,4157.129883,4121.970215,4121.970215,27753700
24/01/23,4153.02002,4167.02002,4132.240234,4154.259766,25722600
25/01/23,4148.109863,4158.77002,4116.990234,4153.629883,26034100
26/01/23,4173.97998,4183.560059,4156.509766,4156.509766,32650600
27/01/23,4178.009766,4188.709961,4154.529785,4177.259766,27709100
30/01/23,4158.629883,4166.75,4122.209961,4166.75,25851600
31/01/23,4163.450195,4166.169922,4124.580078,4155.310059,43150700
1/02/23,4171.439941,4187.609863,4159.009766,4168.810059,42475000
2/02/23,4241.120117,4245.080078,4174.330078,4174.330078,54602700
3/02/23,4257.97998,4257.97998,4206.259766,4230.529785,54878800
6/02/23,4205.450195,4246.450195,4186.660156,4246.450195,32752100
7/02/23,4209.310059,4218.490234,4192.950195,4206.390137,35774200
8/02/23,4209.149902,4248.379883,4208.399902,4220.859863,30189800
9/02/23,4250.140137,4275.580078,4226.850098,4226.850098,33410800
10/02/23,4197.939941,4242.359863,4172.950195,4242.359863,36749500
13/02/23,4241.359863,4244.620117,4202.029785,4202.029785,25440700
14/02/23,4238.759766,4279.569824,4233.72998,4244.470215,27631800
15/02/23,4280.040039,4283.620117,4234.390137,4237,28253700
16/02/23,4297.240234,4316.169922,4269.439941,4295.990234,36448000
17/02/23,4274.919922,4288.080078,4232.25,4283.040039,36870700
20/02/23,4271.180176,4284.560059,4262.209961,4281.720215,21108200
21/02/23,4250.399902,4265.290039,4210.169922,4265.180176,27995400
22/02/23,4242.879883,4248.060059,4205.930176,4245.75,34869900
23/02/23,4258.160156,4282.879883,4249.950195,4249.950195,32482100
24/02/23,4178.819824,4280.140137,4171.930176,4263.379883,45709600
27/02/23,4248.009766,4266.819824,4191.839844,4191.839844,30105000
28/02/23,4238.379883,4268.660156,4222.22998,4238.459961,58920200
1/03/23,4215.75,4276.060059,4206.319824,4243.379883,36211100
2/03/23,4240.589844,4241.390137,4178.649902,4204.799805,29375200
3/03/23,4294.799805,4298.779785,4256.810059,4256.810059,30523400
6/03/23,4313.779785,4324.27002,4295.689941,4306.649902,26310300
7/03/23,4278.959961,4319.060059,4277.819824,4306.25,30276900
8/03/23,4288.450195,4298.950195,4264.22998,4272.370117,26861700
9/03/23,4286.120117,4297.560059,4257.200195,4283.299805,28136700
10/03/23,4229.529785,4256.430176,4190.97998,4256.430176,49660500
13/03/23,4096.540039,4229.220215,4071.939941,4228.319824,78069300
14/03/23,4179.470215,4189.080078,4088.580078,4104.569824,52292500
15/03/23,4034.919922,4178.459961,4018.300049,4175.620117,81674100
16/03/23,4116.97998,4135,4021.449951,4060.409912,61731000
17/03/23,4064.98999,4174.669922,4042.75,4137.370117,91671600
20/03/23,4119.419922,4136.189941,3980.939941,4054.699951,69870000
21/03/23,4181.600098,4206.930176,4139.890137,4139.890137,49518700
22/03/23,4195.700195,4212.810059,4167.120117,4174.899902,37398200
23/03/23,4207.140137,4215.200195,4166,4195.220215,34031200
24/03/23,4130.620117,4193.160156,4093.159912,4193.160156,56567300
27/03/23,4164.620117,4190.140137,4133.799805,4133.799805,34829300
28/03/23,4168.209961,4205.350098,4157.109863,4169.529785,30414100
29/03/23,4231.27002,4233.589844,4168.609863,4168.609863,33769300
30/03/23,4285.419922,4295.319824,4232.589844,4232.589844,29622300
31/03/23,4315.049805,4325.339844,4278.310059,4285.839844,36312200
3/04/23,4311.049805,4329.290039,4304.890137,4312.990234,29102200
4/04/23,4315.319824,4346.950195,4311.02002,4312.149902,28187400
5/04/23,4298.359863,4320.830078,4286.209961,4316.290039,29791800
6/04/23,4309.450195,4313.740234,4293.850098,4295.549805,28509400
11/04/23,4333.290039,4343.919922,4312.660156,4312.660156,30115400
12/04/23,4334.029785,4374.22998,4323.669922,4332.330078,30179800
13/04/23,4363.240234,4363.609863,4334.669922,4334.669922,28715800
14/04/23,4390.75,4397.580078,4363.310059,4364.089844,35527500
17/04/23,4367.609863,4401.970215,4366.220215,4392.399902,26853800
18/04/23,4393.950195,4407.740234,4367.620117,4367.620117,26674700
19/04/23,4393.569824,4397.160156,4373.189941,4393.459961,25026300
20/04/23,4384.859863,4400.609863,4365.910156,4391.919922,35898700
21/04/23,4408.589844,4408.589844,4367.560059,4382.060059,39170700
24/04/23,4401.799805,4411.669922,4387.640137,4398.509766,24129600
25/04/23,4377.850098,4393.22998,4363.97998,4393.22998,30709500
26/04/23,4347.709961,4373.209961,4324.430176,4373.209961,35478500
27/04/23,4358.049805,4368.950195,4327.97998,4345.040039,27109300
28/04/23,4359.310059,4376.299805,4305.629883,4353.919922,39594900
2/05/23,4294.850098,4372.660156,4291.660156,4353.410156,33749900
3/05/23,4310.180176,4329.029785,4303.529785,4303.529785,27493200
4/05/23,4287.029785,4302.040039,4264.410156,4280.660156,31081600
5/05/23,4340.430176,4340.47998,4280.919922,4280.919922,31872600
8/05/23,4348.649902,4355.410156,4334.129883,4335.220215,19641400
9/05/23,4323.089844,4344.419922,4305.310059,4344.419922,22737200
10/05/23,4306.759766,4332.290039,4293.209961,4322.649902,27260600
11/05/23,4309.75,4341.589844,4281.689941,4303.97998,29579200
12/05/23,4317.879883,4344.319824,4304.069824,4304.069824,24686000
15/05/23,4316.410156,4338.140137,4302.759766,4315.850098,20446600
16/05/23,4315.509766,4328.779785,4298.310059,4313.120117,22335700
17/05/23,4323.22998,4332.080078,4293.569824,4313.25,22868700
19/05/23,4395.299805,4412.879883,4368.240234,4368.240234,32140900
22/05/23,4385.629883,4394.939941,4372.930176,4384.990234,23962900
23/05/23,4342.379883,4383.450195,4342.379883,4382.990234,18704900
24/05/23,4263.740234,4339.5,4250.259766,4339.5,34158400
25/05/23,4269.640137,4284.959961,4251.290039,4264.009766,28415900
26/05/23,4337.5,4346.200195,4260.810059,4272.850098,26474000
30/05/23,4291.580078,4338.709961,4284.109863,4314.959961,26288500
31/05/23,4218.040039,4289.100098,4210.689941,4289.100098,97322500
1/06/23,4257.609863,4271.370117,4222.560059,4222.560059,26943900
2/06/23,4323.52002,4327.569824,4259.640137,4259.640137,29365400
5/06/23,4293.240234,4333.180176,4287.140137,4324.100098,23336500
6/06/23,4295.220215,4299,4275.439941,4292.77002,22402900
7/06/23,4291.910156,4305.25,4273.279785,4294.5,24080000
8/06/23,4297.680176,4305.899902,4276.359863,4284.089844,25602300
9/06/23,4289.790039,4307.419922,4275.089844,4298.47998,20244800
12/06/23,4316.490234,4332.970215,4291.040039,4291.040039,21540000
13/06/23,4347.549805,4352.009766,4316.52002,4317.75,25599500
14/06/23,4375.97998,4385.839844,4343.549805,4346.52002,31344800
15/06/23,4365.120117,4373.580078,4333.640137,4373.580078,25489800
16/06/23,4394.819824,4410.200195,4363.959961,4365.740234,75504300
19/06/23,4362.379883,4392.169922,4356.509766,4392.169922,22395700
20/06/23,4343.140137,4365.22998,4338.350098,4361.5,24006500
21/06/23,4322.75,4350.100098,4316.470215,4339.470215,25127500
22/06/23,4304.470215,4304.589844,4261.339844,4304.02002,25390500
23/06/23,4271.609863,4296.75,4253.149902,4296.75,28404300
26/06/23,4280.569824,4294.160156,4238.069824,4272.100098,23755200
27/06/23,4305.259766,4311.120117,4272.27002,4286.180176,23665500
28/06/23,4344.75,4349.390137,4313.040039,4313.040039,24695700
29/06/23,4354.689941,4371.600098,4341.640137,4345.22998,24417400
30/06/23,4399.089844,4409.5,4346.399902,4354.950195,39197800
3/07/23,4398.149902,4420.009766,4397.759766,4401.029785,24607100
4/07/23,4390.990234,4412.540039,4389.52002,4398.049805,18592200
5/07/23,4350.709961,4388.299805,4342.870117,4388.299805,24348900
6/07/23,4223.089844,4349.299805,4213.810059,4349.299805,35240600
7/07/23,4236.600098,4257.990234,4197.970215,4222.72998,24779800
10/07/23,4256.509766,4272.490234,4217.75,4235.350098,17025200
11/07/23,4286.560059,4301.22998,4257.899902,4257.899902,18458500
12/07/23,4360.459961,4367.439941,4289.009766,4289.009766,30453000
13/07/23,4391.759766,4410.279785,4361.160156,4361.160156,27774800
14/07/23,4400.109863,4411.180176,4388.759766,4389.930176,28865100
17/07/23,4356.790039,4397.330078,4342.540039,4397.330078,18521300
18/07/23,4369.72998,4374.629883,4345.160156,4354.620117,20708700
19/07/23,4362.279785,4404.589844,4362.089844,4370.910156,25254500
20/07/23,4373.72998,4376.580078,4340.689941,4360.919922,27574900
21/07/23,4391.410156,4391.410156,4355.279785,4374.069824,26761900
24/07/23,4383.029785,4386.870117,4364.259766,4386.870117,19924300
25/07/23,4391.299805,4399.5,4374.129883,4382.490234,18477800
26/07/23,4346.149902,4390.959961,4312.069824,4390.959961,32513000
27/07/23,4447.439941,4448.959961,4347.180176,4347.180176,38245800
28/07/23,4466.5,4476.040039,4423.640137,4448.600098,41694700
31/07/23,4471.310059,4491.509766,4458.370117,4466.410156,30435800
2/08/23,4336.5,4403.040039,4329.910156,4403.040039,31188400
3/08/23,4304.629883,4335.140137,4279.049805,4335.140137,28069400
4/08/23,4332.910156,4336.649902,4288.799805,4306.069824,25844500
7/08/23,4337.5,4341.109863,4304.129883,4330.22998,18241300
8/08/23,4288.850098,4330.220215,4259.839844,4329.470215,58697200
9/08/23,4317.330078,4354.970215,4289.02002,4289.02002,34469100
10/08/23,4384.040039,4402.089844,4320.919922,4320.919922,29363000
11/08/23,4321.330078,4381.720215,4311.109863,4381.720215,21770200
14/08/23,4330.22998,4343.890137,4306.259766,4318.709961,16990700
15/08/23,4288.569824,4336.720215,4269.859863,4334.069824,23268200
16/08/23,4284.27002,4304.089844,4268.850098,4284.569824,18498000
17/08/23,4227.830078,4281.569824,4224.779785,4281.569824,22270100
18/08/23,4212.950195,4224.450195,4175.370117,4224.450195,23253500
21/08/23,4224.870117,4262.169922,4212.600098,4212.600098,20937300
22/08/23,4260.370117,4291.810059,4226.100098,4226.100098,19604800
23/08/23,4266.669922,4294.290039,4248.819824,4260.970215,20544100
24/08/23,4232.220215,4322.080078,4229.669922,4278.109863,22628100
25/08/23,4236.25,4269.52002,4219.990234,4230.819824,18675600
28/08/23,4293.689941,4299.169922,4245.600098,4245.600098,19004900
29/08/23,4326.470215,4329.290039,4291.350098,4297.620117,22557700
30/08/23,4315.310059,4340.830078,4294.620117,4326.549805,21390900
31/08/23,4297.109863,4336.740234,4297.109863,4316.160156,44880800
1/09/23,4282.640137,4319.990234,4282.359863,4296.310059,23648700
4/09/23,4279.870117,4323.310059,4272.060059,4286.600098,13821400
5/09/23,4269.160156,4286.77002,4234.790039,4275.919922,19961600
6/09/23,4238.259766,4265.540039,4224.350098,4265.540039,27595200
7/09/23,4221.02002,4252.830078,4209.97998,4235.740234,23792100
8/09/23,4237.189941,4244.410156,4179.970215,4224.129883,23027300
11/09/23,4254.330078,4278.959961,4241.430176,4241.430176,27643500
12/09/23,4242.27002,4264.5,4230.640137,4258.700195,25763700
13/09/23,4223.47998,4238.689941,4198.990234,4236.919922,24763800
14/09/23,4279.75,4288.22998,4205.680176,4223.399902,39852400
15/09/23,4295.049805,4326.899902,4287.649902,4287.649902,68337300
18/09/23,4245.879883,4291.080078,4234.72998,4291.080078,23664700
19/09/23,4242.700195,4264.140137,4230.330078,4245.390137,19670300
20/09/23,4275.97998,4286.529785,4241.569824,4242.410156,33987400
21/09/23,4212.589844,4271.100098,4200.720215,4271.100098,29527400
22/09/23,4207.160156,4218.689941,4178.439941,4211.040039,27408500
25/09/23,4167.370117,4213.22998,4144.709961,4204.220215,23905300
26/09/23,4129.180176,4165.029785,4114.970215,4165.029785,25884300
27/09/23,4131.680176,4153.430176,4121.310059,4129.910156,21446100
28/09/23,4161.560059,4161.589844,4106.47998,4131.439941,27903400
29/09/23,4174.660156,4215.279785,4171.330078,4171.330078,27198900
2/10/23,4137.629883,4204.169922,4119.450195,4181.620117,25582100
3/10/23,4095.590088,4146.470215,4091,4124.97998,29719600
4/10/23,4099.850098,4126.600098,4061.939941,4084.780029,30296300
5/10/23,4099.810059,4122.52002,4092.030029,4104.169922,21890900
6/10/23,4144.430176,4144.660156,4094.01001,4106.160156,26042400
9/10/23,4112.569824,4139.509766,4097.939941,4139.509766,24824600
10/10/23,4205.22998,4208.430176,4118.459961,4118.459961,26945500
11/10/23,4200.799805,4217,4172.910156,4203.839844,25125600
12/10/23,4198.22998,4234.490234,4193.97998,4202.790039,28124600
13/10/23,4136.120117,4198.100098,4133.129883,4197.299805,29475800
16/10/23,4149.859863,4163.399902,4110.830078,4137.069824,22046300
17/10/23,4152.319824,4163.100098,4111.52002,4148.089844,19074800
18/10/23,4105.859863,4161.5,4099.899902,4152.529785,22690500
19/10/23,4090.330078,4109.810059,4069.290039,4104.790039,31261500
20/10/23,4024.679932,4077.439941,4024.679932,4077.439941,37662200
23/10/23,4041.75,4044.620117,3993.100098,4025.47998,26974400
24/10/23,4065.370117,4074.320068,4026.649902,4045.419922,25258900
25/10/23,4073.350098,4082.48999,4040.51001,4062.340088,22484800
26/10/23,4049.399902,4070.75,4017.73999,4070.75,27690700
27/10/23,4014.360107,4068.52002,4006.639893,4056.100098,24394700
30/10/23,4028.320068,4050.97998,4023.419922,4023.419922,25448600
31/10/23,4061.120117,4073.48999,4026.929932,4030.830078,33313900
1/11/23,4091.709961,4103.649902,4049.870117,4069.649902,28092900
2/11/23,4169.620117,4188.310059,4102.089844,4102.089844,35274500
3/11/23,4174.669922,4195.959961,4163.859863,4175.850098,35837400
6/11/23,4158.640137,4188.649902,4152.080078,4178.319824,25431900
7/11/23,4153.370117,4164.879883,4135.529785,4150.52002,20870700
8/11/23,4178.490234,4197.629883,4133.459961,4148.419922,27660500
9/11/23,4229.200195,4234,4166.890137,4179.350098,25142800
10/11/23,4197.359863,4218.259766,4176.160156,4218.259766,25219100
13/11/23,4232.189941,4234.72998,4205.410156,4205.410156,26669400
14/11/23,4291.720215,4304.720215,4230.910156,4232.399902,37242600
15/11/23,4315.529785,4326.720215,4294.97998,4294.97998,29961300
16/11/23,4302.450195,4323.600098,4302.450195,4315.569824,32963100
17/11/23,4340.77002,4347.529785,4304,4304,41324200
20/11/23,4342.410156,4348.490234,4330.470215,4338.399902,31874800
21/11/23,4331.899902,4345.069824,4329.529785,4343.069824,24992700
22/11/23,4352.02002,4357.100098,4335.779785,4335.779785,22322500
23/11/23,4361.319824,4363.649902,4350.419922,4352.72998,18317400
24/11/23,4372.100098,4375.830078,4356.080078,4357.950195,21635400
27/11/23,4354.410156,4376.700195,4353.27002,4369.919922,22306300
28/11/23,4348.02002,4350.339844,4328.120117,4350.339844,23473700
29/11/23,4370.529785,4382.149902,4341.299805,4341.299805,30478700
30/11/23,4382.470215,4392.810059,4361.830078,4370.390137,55338100
1/12/23,4418.509766,4420.569824,4393.040039,4393.040039,23410400
4/12/23,4414.950195,4426.549805,4405.330078,4414.299805,25291700
5/12/23,4452.77002,4457.819824,4412.669922,4414.330078,31965100
6/12/23,4483.259766,4495.299805,4458.529785,4460.330078,32538500
7/12/23,4473.77002,4480.52002,4465.25,4480.52002,31121800
8/12/23,4523.310059,4531.540039,4477.040039,4477.040039,26886000
11/12/23,4540.189941,4544.129883,4519.620117,4522.790039,24134800
12/12/23,4536.609863,4561.109863,4535.040039,4544.410156,26300000
13/12/23,4530.189941,4554.129883,4528.990234,4539.450195,27793300
14/12/23,4539.160156,4593.109863,4515.919922,4541.470215,47268300
15/12/23,4549.439941,4579.899902,4542.109863,4551.029785,62263800
18/12/23,4521.129883,4541.419922,4513.100098,4540.120117,22240500
19/12/23,4535.399902,4538.319824,4519.279785,4522.129883,23305200
20/12/23,4533.819824,4546.060059,4515.52002,4538.120117,22434600
21/12/23,4524.859863,4524.859863,4503.359863,4522.490234,16748300
22/12/23,4521.470215,4528.049805,4505.72998,4520.600098,17782200
27/12/23,4528.379883,4542.330078,4520.509766,4521.799805,16854400
28/12/23,4514.379883,4542.75,4512.640137,4536.680176,14425000
29/12/23,4521.649902,4536.439941,4517.310059,4518.120117,13276900
3/01/24,4448.129883,4515.700195,4433.140137,4514.200195,26376200
4/01/24,4474.009766,4476.720215,4443.419922,4451.720215,28082800
5/01/24,4463.509766,4474.879883,4418.080078,4458.740234,28778100
8/01/24,4485.47998,4487.259766,4438.490234,4461.799805,21900200
9/01/24,4467.169922,4486.990234,4446.620117,4486.990234,25544800
10/01/24,4468.97998,4484.799805,4459.540039,4467.149902,20341000
11/01/24,4442.279785,4510.009766,4441.459961,4481.399902,24082000
12/01/24,4480.02002,4492.77002,4453.240234,4453.240234,20703500
15/01/24,4454.680176,4489.490234,4451.029785,4483.97998,16286900
16/01/24,4446.509766,4448.450195,4414.439941,4443.209961,22717700
17/01/24,4403.080078,4420.600098,4380.970215,4420.600098,26429000
18/01/24,4453.049805,4455.470215,4408.419922,4417.560059,25615800
19/01/24,4448.830078,4476.779785,4437.5,4465.200195,26267800
22/01/24,4480.319824,4495.430176,4454.450195,4454.450195,24707800
23/01/24,4465.910156,4496.390137,4456.779785,4487.509766,21306700
24/01/24,4564.109863,4564.109863,4469.600098,4469.790039,30202900
25/01/24,4582.259766,4584.870117,4545.52002,4562.339844,30570800
26/01/24,4635.470215,4639.049805,4572.129883,4572.129883,24797100
29/01/24,4639.359863,4639.359863,4622.459961,4636.77002,26589700
30/01/24,4662.700195,4667.419922,4642.259766,4647.410156,31631300
31/01/24,4648.399902,4674.740234,4642.689941,4659.870117,36656800
1/02/24,4638.600098,4656.52002,4619.47998,4641.939941,38356000
2/02/24,4654.549805,4676.709961,4645.779785,4645.779785,29245500
5/02/24,4655.27002,4667.399902,4638.330078,4656.049805,41764000
6/02/24,4690.870117,4692.439941,4660.02002,4667.5,40126800
7/02/24,4678.850098,4694.879883,4677.919922,4691.569824,36290900
8/02/24,4710.779785,4720.779785,4682.830078,4687.209961,26948800
9/02/24,4715.870117,4723.77002,4696.509766,4711.330078,30842300
12/02/24,4746.350098,4746.350098,4720.299805,4720.299805,21602800
13/02/24,4689.279785,4746.459961,4671.990234,4746.459961,22710500
14/02/24,4709.220215,4712.890137,4681.620117,4685.939941,20156500
15/02/24,4743.169922,4749.27002,4713.779785,4713.779785,26284000
16/02/24,4765.649902,4782.790039,4750.759766,4754.430176,28820000
19/02/24,4763.069824,4765.819824,4744.589844,4755.75,17297200
20/02/24,4760.279785,4766.620117,4749.180176,4757.950195,20499400
21/02/24,4775.310059,4782.560059,4756.680176,4761.240234,27017300
22/02/24,4855.359863,4866.060059,4812.02002,4812.02002,29131200
23/02/24,4872.569824,4881.660156,4850.319824,4857.410156,28690800
26/02/24,4864.290039,4870.430176,4859.490234,4865.870117,25387100
27/02/24,4885.740234,4887.850098,4863.810059,4865.540039,24235200
28/02/24,4883.77002,4887.180176,4874.939941,4883.839844,22071200
29/02/24,4877.77002,4898.370117,4872.629883,4883.77002,52106500
1/03/24,4894.859863,4904.850098,4874.029785,4888.580078,36359400
4/03/24,4912.919922,4915.439941,4897.939941,4904.580078,19696200
5/03/24,4893.069824,4913.100098,4886.069824,4909.419922,29832800
6/03/24,4915.490234,4920.569824,4889.580078,4890.839844,31096700
7/03/24,4974.220215,4978.189941,4891.790039,4901.009766,33778900
8/03/24,4961.109863,4986.569824,4961.109863,4974.970215,25083600
11/03/24,4930.419922,4938.649902,4913.839844,4932.200195,28433100
12/03/24,4983.200195,4985.100098,4926.209961,4937.759766,33567600
13/03/24,5000.549805,5016.240234,4983.819824,4985.830078,33871200
14/03/24,4993.120117,5031.819824,4986.600098,5007.72998,33713900
15/03/24,4986.02002,5023.649902,4986.02002,4993.439941,83894000
18/03/24,4982.759766,5004.080078,4976.609863,4993.660156,24806900
19/03/24,5007.919922,5007.919922,4976.370117,4979.060059,27400600
20/03/24,5000.310059,5009.129883,4980.950195,4991.370117,23453900
21/03/24,5052.310059,5058.910156,5021.140137,5042.319824,27735100
22/03/24,5031.149902,5037.740234,5008.899902,5035.129883,27334500
25/03/24,5044.189941,5051.470215,5013.600098,5029.25,22818800
26/03/24,5064.180176,5072.75,5038.72998,5046.259766,25325900
27/03/24,5081.740234,5095.109863,5063.27002,5063.27002,25287000
28/03/24,5083.419922,5103.259766,5081.779785,5085.25,31375500
2/04/24,5042,5121.709961,5038.629883,5096.859863,31803000
3/04/24,5069.25,5071.200195,5046.22998,5047.799805,27231600
4/04/24,5070.759766,5089.330078,5065.649902,5071.830078,23602100
5/04/24,5014.75,5043.609863,4985.669922,5043.609863,36778900
8/04/24,5046.049805,5053,5005.310059,5012.02002,19822200
9/04/24,4990.899902,5038.72998,4981.22998,5038.72998,24097700
10/04/24,5000.830078,5037.180176,4951.189941,5006.5,28802000
11/04/24,4966.680176,5010.089844,4934.399902,4994.149902,30613200
12/04/24,4955.009766,5023.899902,4935.029785,4986.029785,27782600
15/04/24,4984.47998,5034.72998,4969,4969,24465200
16/04/24,4916.990234,4962.149902,4899.410156,4962.149902,27874400
17/04/24,4914.129883,4968.410156,4898.899902,4918.72998,22788100
18/04/24,4936.569824,4943.97998,4907.609863,4924.830078,27889700
19/04/24,4918.089844,4933.379883,4884.120117,4911.589844,35229800
22/04/24,4936.850098,4954.180176,4913.700195,4921.040039,28703100
23/04/24,5008.169922,5011.100098,4941.290039,4941.290039,35178000
24/04/24,4989.879883,5031.839844,4981.810059,5004.910156,30866000
25/04/24,4939.009766,4994.410156,4900.27002,4993.350098,27537300
26/04/24,5006.850098,5017.97998,4950.220215,4950.220215,26649800
29/04/24,4981.089844,5026.819824,4980.419922,5014.220215,28179400
30/04/24,4921.220215,4988.120117,4916.569824,4985.540039,33802300
2/05/24,4890.609863,4913.709961,4888.109863,4907.330078,35992100
3/05/24,4921.47998,4944.819824,4896.410156,4901.040039,35280900
6/05/24,4956.959961,4969.120117,4920.930176,4921.02002,22143800
7/05/24,5016.100098,5016.709961,4967.810059,4969.819824,29592800
8/05/24,5038.169922,5047.540039,5023.740234,5025.299805,28177000
10/05/24,5085.080078,5096.890137,5060.72998,5060.72998,33566400
13/05/24,5078.959961,5087.919922,5068.060059,5083.540039,23625800
14/05/24,5080.290039,5083.549805,5057.939941,5079.370117,35579700
15/05/24,5100.899902,5102.299805,5075.060059,5083.25,28208300
16/05/24,5072.450195,5101.410156,5068.109863,5094.77002,26348900
17/05/24,5064.140137,5068.390137,5040.22998,5061.439941,33517100
21/05/24,5046.990234,5064.870117,5026.069824,5064.870117,24688000
22/05/24,5025.169922,5045.089844,5020.700195,5044.220215,22042400
23/05/24,5037.600098,5064.5,5025.279785,5026.700195,20899200
24/05/24,5035.410156,5040.890137,4991.700195,5027.939941,19360800
27/05/24,5059.200195,5059.200195,5033.560059,5038.919922,12097600
28/05/24,5030.350098,5071.390137,5015.850098,5060.379883,20622600
29/05/24,4963.200195,5027.529785,4955.839844,5027.52002,23440400
30/05/24,4982.180176,4985.870117,4947.209961,4954.779785,22460800
31/05/24,4983.669922,5000.759766,4967.189941,4985.709961,58901800
3/06/24,5003.540039,5039.549805,4997.009766,5008.100098,22739000
4/06/24,4953.370117,5001.970215,4942.140137,5001.970215,31519300
5/06/24,5035.660156,5044.02002,4972.720215,4972.720215,23775000
6/06/24,5069.089844,5082.069824,5049.879883,5051.939941,23370200
7/06/24,5051.310059,5077.209961,5018.350098,5072.879883,21974200
10/06/24,5016.47998,5027.859863,4973.879883,5027.859863,23406000
11/06/24,4965.089844,5034.580078,4941.390137,5025.129883,29062300
12/06/24,5034.430176,5042.390137,4970.609863,4970.609863,26424900
13/06/24,4935.5,5031.040039,4929.870117,5031.040039,34937200
14/06/24,4839.140137,4942.819824,4819.560059,4942.819824,50978300
17/06/24,4880.419922,4900.310059,4837.879883,4858.680176,26706000
18/06/24,4915.470215,4922.609863,4883.180176,4898.330078,25530900
19/06/24,4885.450195,4916.689941,4883.299805,4913.540039,22300600
20/06/24,4947.72998,4948.890137,4894.129883,4894.129883,25837100
21/06/24,4907.299805,4945.02002,4890.080078,4945.02002,57824200
24/06/24,4950.97998,4964.839844,4911.169922,4911.169922,23168300
25/06/24,4935.970215,4938.439941,4910.919922,4938.439941,21344600
26/06/24,4915.939941,4975.810059,4889.22998,4954.790039,23577100
27/06/24,4902.600098,4935.109863,4897.180176,4918.629883,22558000
28/06/24,4894.02002,4922.839844,4880.97998,4909.299805,25149300
1/07/24,4929.990234,4981.310059,4923.319824,4924.080078,26805400
2/07/24,4906.330078,4918.209961,4869.47998,4918.209961,22898000
3/07/24,4965.799805,4977.569824,4922.029785,4922.029785,22544600
4/07/24,4987.47998,4993.660156,4972.669922,4972.669922,16024800
5/07/24,4979.390137,5019.649902,4960.509766,4993.990234,18457500
8/07/24,4969.830078,5029.25,4965.240234,4976.529785,22230800
9/07/24,4903.620117,4960.549805,4894.759766,4960.149902,20009900
10/07/24,4958.859863,4960.990234,4896.850098,4909.140137,20128100
11/07/24,4976.129883,5005.700195,4964.120117,4970.319824,19626200
12/07/24,5043.02002,5051.589844,4980.959961,4980.959961,20388600
15/07/24,4983.109863,5038.299805,4982.419922,5029.279785,16535700
16/07/24,4947.830078,4968.209961,4939.169922,4968.209961,19239700
17/07/24,4891.459961,4939.439941,4877.149902,4939.439941,19295600
18/07/24,4870.120117,4923.859863,4870.120117,4902.410156,24394200
19/07/24,4827.240234,4868.970215,4822.549805,4868.970215,26875500
22/07/24,4897.439941,4911.430176,4833.169922,4833.169922,23104500
23/07/24,4916.799805,4949.27002,4896.330078,4906.890137,20665500
24/07/24,4861.870117,4892.660156,4847.390137,4892.660156,25416200
25/07/24,4811.279785,4832.680176,4767.149902,4832.680176,27180100
26/07/24,4862.5,4867.879883,4810.200195,4810.870117,20424600
29/07/24,4815.390137,4886.600098,4810.810059,4873.839844,20131100
30/07/24,4841,4861.850098,4829.919922,4830.52002,27562700
31/07/24,4872.939941,4907.390137,4852.180176,4852.180176,30027500
2/08/24,4638.700195,4752.100098,4627.27002,4752.100098,43378400
5/08/24,4571.600098,4605.720215,4473.939941,4605.720215,46732100
6/08/24,4575.220215,4607.819824,4538.200195,4580.120117,32680300
7/08/24,4668.060059,4683.720215,4591.589844,4592.870117,33109900
8/08/24,4668.740234,4673.660156,4606.700195,4661.819824,24942300
9/08/24,4675.279785,4703.220215,4646.709961,4678.439941,17631200
12/08/24,4671.879883,4699.910156,4658.859863,4686.850098,15137800
13/08/24,4694.919922,4697.959961,4659.22998,4680.209961,18609000
14/08/24,4727.600098,4728.680176,4706.759766,4710.180176,14410100
15/08/24,4807.77002,4809.879883,4727.629883,4736.839844,17524400
16/08/24,4840.52002,4850.740234,4813.720215,4813.720215,22741100
19/08/24,4871.410156,4879.299805,4835.580078,4838.02002,15847100
20/08/24,4857.580078,4897.430176,4855.899902,4878.220215,15896900
21/08/24,4885.279785,4889.720215,4856.22998,4856.22998,13750000
22/08/24,4885,4911.430176,4883.97998,4885.740234,14706200
23/08/24,4909.200195,4918.850098,4887.700195,4890.339844,16243400
26/08/24,4896.689941,4911.02002,4892.189941,4907.040039,10423800
27/08/24,4898.779785,4916.680176,4892.509766,4897.27002,16777900
28/08/24,4913.029785,4932.759766,4904.759766,4904.759766,15945100
29/08/24,4966.27002,4966.27002,4913.490234,4915.490234,19542700
30/08/24,4957.97998,4980.859863,4957.959961,4959.029785,34038900
2/09/24,4973.069824,4973.390137,4924.180176,4955.870117,14223700
3/09/24,4912.52002,4986.740234,4906.97998,4977.970215,21266200
4/09/24,4848.180176,4889.169922,4838.830078,4889.169922,20836300
5/09/24,4815.149902,4854.330078,4814.77002,4840.700195,20335200
6/09/24,4738.060059,4829.279785,4732.859863,4806.589844,26621300
9/09/24,4778.660156,4797.75,4745.209961,4745.209961,18482000
10/09/24,4747.200195,4803.370117,4736.890137,4779.549805,25144200
11/09/24,4763.580078,4796.490234,4735.950195,4752.580078,22657000
12/09/24,4814.080078,4836.640137,4777.77002,4777.77002,21940200
13/09/24,4843.990234,4853.890137,4817.740234,4817.740234,19220400
16/09/24,4827.629883,4852.709961,4820.109863,4835.160156,16651400
17/09/24,4860.779785,4879.609863,4832.819824,4832.819824,22514000
18/09/24,4835.299805,4864.600098,4831.089844,4861.52002,19646100
19/09/24,4943.379883,4943.379883,4862.410156,4862.410156,29177300
20/09/24,4871.540039,4930.220215,4868.799805,4929.149902,53929600
23/09/24,4885.569824,4893.97998,4854.930176,4875.620117,21857300
24/09/24,4940.720215,4953.689941,4907.580078,4907.580078,20384300
25/09/24,4916.890137,4933.370117,4905.330078,4928.149902,19762000
26/09/24,5032.589844,5035.439941,4956.339844,4956.339844,31632800
27/09/24,5067.450195,5071.410156,5028.350098,5028.350098,27219500
30/09/24,5000.450195,5060.759766,5000.450195,5060.759766,35002300
1/10/24,4954.149902,5016.879883,4933.390137,5004.370117,31880300
2/10/24,4963.290039,4983.220215,4931.560059,4961.72998,25211300
3/10/24,4921.330078,4959.200195,4907.600098,4959.200195,25759100
4/10/24,4954.939941,4976.02002,4911.359863,4920.200195,26483200
7/10/24,4969.709961,4976.669922,4930.790039,4959.240234,22137000
8/10/24,4949,4955.959961,4911.830078,4953.910156,19750400
9/10/24,4982.569824,4984.790039,4930.129883,4948.790039,19722000
10/10/24,4970.339844,4986.700195,4950.160156,4980.120117,23590200
11/10/24,5003.919922,5005.830078,4953.819824,4970.640137,23466400
14/10/24,5041.009766,5044.740234,4999.180176,5007.27002,20396700
15/10/24,4946.72998,5053.22998,4946.72998,5045.629883,32911000
16/10/24,4908.709961,4926.080078,4898.950195,4918.439941,28222200
17/10/24,4947.299805,4973.790039,4913.990234,4913.990234,28481200
18/10/24,4986.27002,4986.27002,4944.129883,4950.049805,29694700
21/10/24,4941.220215,4989.319824,4938.100098,4977.899902,21927800
22/10/24,4939.310059,4965.75,4910.319824,4941.040039,21402800
23/10/24,4922.549805,4948.379883,4906.279785,4924.399902,19834500
24/10/24,4935.450195,4970.47998,4929.02002,4929.02002,19464200
25/10/24,4943.089844,4953.339844,4915.569824,4940.350098,19199300
28/10/24,4969.830078,4982.740234,4932.609863,4962.160156,22492100
29/10/24,4950.02002,4999.720215,4948.839844,4978.72998,25522100
30/10/24,4885.75,4931.319824,4866.589844,4931.319824,24928700
31/10/24,4827.629883,4866.029785,4805.22998,4866.029785,34467100
1/11/24,4877.75,4889.490234,4829.47998,4829.47998,25851600
4/11/24,4852.100098,4893.350098,4852.100098,4873.950195,24556600
5/11/24,4870.330078,4874.549805,4839.439941,4853.660156,22998800
6/11/24,4800.629883,4946.47998,4788.410156,4880.350098,43567000
7/11/24,4851.959961,4869.390137,4810.629883,4812.629883,34828800
8/11/24,4802.759766,4862.640137,4791.060059,4853.5,29190000
11/11/24,4854.029785,4875.75,4825.5,4825.5,21244700
12/11/24,4744.689941,4834.339844,4741.990234,4834.339844,30605900
13/11/24,4740.339844,4761.089844,4699.779785,4740.930176,25868600
14/11/24,4833.529785,4835.779785,4747.569824,4759.77002,25660800
15/11/24,4794.850098,4829.680176,4785.649902,4810.589844,26340500
18/11/24,4790.330078,4800.470215,4755.790039,4786.540039,23568600
19/11/24,4751.22998,4801.22998,4688.680176,4791.890137,31162100
20/11/24,4729.709961,4786.279785,4717.450195,4760.609863,21527100
21/11/24,4755.830078,4757.589844,4690.450195,4731.22998,22655300
22/11/24,4789.080078,4797.950195,4722.77002,4772.830078,32450100
25/11/24,4799.870117,4831.279785,4790.77002,4806.290039,46758600
26/11/24,4761.990234,4792.709961,4747.009766,4781.470215,25243100
27/11/24,4733.149902,4752.430176,4705.970215,4752.430176,23573200
28/11/24,4758.649902,4781.089844,4747.370117,4759.220215,15604900
29/11/24,4804.399902,4810.490234,4741.890137,4754.620117,23066300
2/12/24,4846.72998,4848.870117,4764.379883,4785.149902,27358500
3/12/24,4878.509766,4902.040039,4854.140137,4854.140137,25253600
4/12/24,4919.02002,4929.529785,4884.52002,4884.939941,22678700
5/12/24,4951.580078,4954.919922,4912.75,4914.060059,29752700
6/12/24,4977.779785,4985.220215,4944.290039,4953.930176,23202100
9/12/24,4985.459961,5007.700195,4974.049805,4991.839844,23029000
10/12/24,4951.740234,4979.169922,4949.319824,4979.169922,21325000
11/12/24,4959.350098,4966.22998,4940.080078,4947.439941,21651000
12/12/24,4965.529785,4974.899902,4953.209961,4964.169922,24883500
13/12/24,4967.950195,4996.959961,4955.290039,4964.080078,20682200
16/12/24,4947.029785,4963.879883,4940.390137,4963.879883,23759900
17/12/24,4942.580078,4966.140137,4922.339844,4936.52002,23939700
18/12/24,4957.279785,4970.350098,4940.299805,4945.609863,22981700
19/12/24,4879,4916.319824,4869.109863,4916.319824,23122400
20/12/24,4862.279785,4872.660156,4803.200195,4861.589844,52536500
23/12/24,4852.930176,4862.509766,4832.149902,4859.040039,13206800
27/12/24,4898.879883,4898.879883,4847.890137,4854.160156,17347300
30/12/24,4869.279785,4904.080078,4862.160156,4890.52002,14296800
3/01/25,4871.450195,4917.339844,4861.120117,4915.540039,17720300
6/01/25,4986.640137,4986.640137,4893.189941,4893.319824,27330700
7/01/25,5011.819824,5030.830078,4969.299805,4987.379883,23984900
8/01/25,4996.390137,5036.240234,4966.439941,5013.339844,25784400
9/01/25,5017.910156,5022.149902,4967.620117,4982.75,17482000
10/01/25,4977.259766,5031.560059,4970.790039,5013.560059,23934100
13/01/25,4954.209961,4964.779785,4916.870117,4964.779785,20145300
14/01/25,4980.470215,5014.299805,4974.029785,4978.509766,24052900
15/01/25,5032.310059,5051.689941,4975.390137,4980.209961,26485400
16/01/25,5106.930176,5107.319824,5065.22998,5065.22998,25068600
17/01/25,5148.299805,5158.629883,5118.310059,5118.310059,30777500
20/01/25,5164.439941,5183.279785,5142.600098,5150.759766,24733800
21/01/25,5165.959961,5171.22998,5151.830078,5162.359863,20525600
22/01/25,5205.830078,5228.97998,5166.299805,5166.299805,21163300
23/01/25,5217.5,5220.839844,5184.830078,5212.299805,20593300
24/01/25,5219.370117,5260.279785,5209.649902,5229.609863,25905900
27/01/25,5188.450195,5223.100098,5131.759766,5212.890137,25310800
28/01/25,5195.709961,5219.490234,5179.490234,5189.930176,22040700
29/01/25,5230.660156,5244.470215,5185.22998,5197.669922,25665300
30/01/25,5282.209961,5285.220215,5248.5,5248.5,23607500