Date,1 week,1 month,3 month,6 month,12 month,,
1-Jul-19,-0.398,-0.392,-0.346,-0.313,-0.217,,
2-Jul-19,-0.397,-0.386,-0.351,-0.327,-0.233,,
3-Jul-19,-0.397,-0.39,-0.353,-0.335,-0.243,,
4-Jul-19,-0.396,-0.393,-0.354,-0.338,-0.258,,
5-Jul-19,-0.404,-0.394,-0.36,-0.344,-0.268,,
8-Jul-19,-0.398,-0.393,-0.356,-0.338,-0.258,,
9-Jul-19,-0.394,-0.389,-0.358,-0.336,-0.258,,
10-Jul-19,-0.396,-0.389,-0.358,-0.329,-0.253,,
11-Jul-19,-0.404,-0.394,-0.364,-0.342,-0.277,,
12-Jul-19,-0.399,-0.393,-0.363,-0.342,-0.28,,
15-Jul-19,-0.401,-0.393,-0.363,-0.343,-0.287,,
16-Jul-19,-0.398,-0.395,-0.367,-0.35,-0.286,,
17-Jul-19,-0.4,-0.397,-0.369,-0.357,-0.298,,
18-Jul-19,-0.401,-0.399,-0.37,-0.353,-0.303,,
19-Jul-19,-0.4,-0.403,-0.375,-0.354,-0.308,,
22-Jul-19,-0.401,-0.406,-0.374,-0.361,-0.307,,
23-Jul-19,-0.405,-0.407,-0.373,-0.362,-0.311,,
24-Jul-19,-0.417,-0.401,-0.376,-0.368,-0.321,,
25-Jul-19,-0.413,-0.401,-0.378,-0.368,-0.318,,
26-Jul-19,-0.405,-0.395,-0.368,-0.362,-0.314,,
29-Jul-19,-0.402,-0.394,-0.367,-0.351,-0.314,,
30-Jul-19,-0.402,-0.392,-0.374,-0.355,-0.301,,
31-Jul-19,-0.407,-0.392,-0.375,-0.362,-0.303,,
1-Aug-19,-0.414,-0.393,-0.377,-0.363,-0.3,,
1-Aug-19,-0.414,-0.393,-0.377,-0.363,-0.3,,
2-Aug-19,-0.411,-0.392,-0.38,-0.367,-0.304,,
2-Aug-19,-0.411,-0.392,-0.38,-0.367,-0.304,,
5-Aug-19,-0.407,-0.401,-0.384,-0.369,-0.308,,
5-Aug-19,-0.407,-0.401,-0.384,-0.369,-0.308,,
6-Aug-19,-0.415,-0.4,-0.389,-0.383,-0.319,,
6-Aug-19,-0.415,-0.4,-0.389,-0.383,-0.319,,
7-Aug-19,-0.403,-0.401,-0.39,-0.389,-0.322,,
7-Aug-19,-0.403,-0.401,-0.39,-0.389,-0.322,,
8-Aug-19,-0.407,-0.409,-0.398,-0.393,-0.339,,
8-Aug-19,-0.407,-0.409,-0.398,-0.393,-0.339,,
9-Aug-19,-0.408,-0.403,-0.404,-0.396,-0.343,,
9-Aug-19,-0.408,-0.403,-0.404,-0.396,-0.343,,
12-Aug-19,-0.404,-0.405,-0.4,-0.4,-0.352,,
12-Aug-19,-0.404,-0.405,-0.4,-0.4,-0.352,,
13-Aug-19,-0.408,-0.413,-0.402,-0.401,-0.357,,
13-Aug-19,-0.408,-0.413,-0.402,-0.401,-0.357,,
14-Aug-19,-0.404,-0.403,-0.406,-0.406,-0.35,,
14-Aug-19,-0.404,-0.403,-0.406,-0.406,-0.35,,
15-Aug-19,-0.413,-0.404,-0.404,-0.409,-0.353,,
15-Aug-19,-0.413,-0.404,-0.404,-0.409,-0.353,,
16-Aug-19,-0.403,-0.423,-0.42,-0.427,-0.385,,
16-Aug-19,-0.403,-0.423,-0.42,-0.427,-0.385,,
19-Aug-19,-0.403,-0.409,-0.422,-0.423,-0.398,,
19-Aug-19,-0.403,-0.409,-0.422,-0.423,-0.398,,
20-Aug-19,-0.406,-0.405,-0.421,-0.425,-0.395,,
20-Aug-19,-0.406,-0.405,-0.421,-0.425,-0.395,,
21-Aug-19,-0.4,-0.409,-0.423,-0.424,-0.399,,
21-Aug-19,-0.4,-0.409,-0.423,-0.424,-0.399,,
22-Aug-19,-0.396,-0.415,-0.418,-0.418,-0.386,,
22-Aug-19,-0.396,-0.415,-0.418,-0.418,-0.386,,
23-Aug-19,-0.403,-0.413,-0.412,-0.408,-0.358,,
23-Aug-19,-0.403,-0.413,-0.412,-0.408,-0.358,,
26-Aug-19,-0.401,-0.423,-0.418,-0.415,-0.364,,
26-Aug-19,-0.401,-0.423,-0.418,-0.415,-0.364,,
27-Aug-19,-0.402,-0.416,-0.418,-0.415,-0.369,,
27-Aug-19,-0.402,-0.416,-0.418,-0.415,-0.369,,
28-Aug-19,-0.415,-0.417,-0.422,-0.427,-0.379,,
28-Aug-19,-0.415,-0.417,-0.422,-0.427,-0.379,,
29-Aug-19,-0.411,-0.43,-0.428,-0.423,-0.375,,
29-Aug-19,-0.411,-0.43,-0.428,-0.423,-0.375,,
30-Aug-19,-0.403,-0.427,-0.433,-0.428,-0.383,,
30-Aug-19,-0.403,-0.427,-0.433,-0.428,-0.383,,
2-Sep-19,-0.413,-0.427,-0.436,-0.439,-0.384,,
2-Sep-19,-0.413,-0.427,-0.436,-0.439,-0.384,,
3-Sep-19,-0.413,-0.435,-0.448,-0.448,-0.385,,
3-Sep-19,-0.413,-0.435,-0.448,-0.448,-0.385,,
4-Sep-19,-0.404,-0.441,-0.443,-0.439,-0.379,,
4-Sep-19,-0.404,-0.441,-0.443,-0.439,-0.379,,
5-Sep-19,-0.408,-0.443,-0.441,-0.431,-0.373,,
5-Sep-19,-0.408,-0.443,-0.441,-0.431,-0.373,,
6-Sep-19,-0.403,-0.452,-0.437,-0.423,-0.358,,
6-Sep-19,-0.403,-0.452,-0.437,-0.423,-0.358,,
9-Sep-19,-0.407,-0.448,-0.433,-0.413,-0.36,,
9-Sep-19,-0.407,-0.448,-0.433,-0.413,-0.36,,
10-Sep-19,-0.407,-0.455,-0.435,-0.414,-0.37,,
10-Sep-19,-0.407,-0.455,-0.435,-0.414,-0.37,,
11-Sep-19,-0.412,-0.453,-0.43,-0.408,-0.373,,
11-Sep-19,-0.412,-0.453,-0.43,-0.408,-0.373,,
12-Sep-19,-0.427,-0.455,-0.433,-0.408,-0.373,,
12-Sep-19,-0.427,-0.455,-0.433,-0.408,-0.373,,
13-Sep-19,-0.425,-0.438,-0.4,-0.377,-0.325,,
13-Sep-19,-0.425,-0.438,-0.4,-0.377,-0.325,,
16-Sep-19,-0.458,-0.449,-0.394,-0.361,-0.309,,
16-Sep-19,-0.458,-0.449,-0.394,-0.361,-0.309,,
17-Sep-19,-0.468,-0.447,-0.398,-0.365,-0.304,,
17-Sep-19,-0.468,-0.447,-0.398,-0.365,-0.304,,
18-Sep-19,-0.485,-0.438,-0.396,-0.369,-0.306,,
18-Sep-19,-0.485,-0.438,-0.396,-0.369,-0.306,,
19-Sep-19,-0.492,-0.45,-0.396,-0.368,-0.303,,
19-Sep-19,-0.492,-0.45,-0.396,-0.368,-0.303,,
20-Sep-19,-0.494,-0.454,-0.393,-0.358,-0.298,,
20-Sep-19,-0.494,-0.454,-0.393,-0.358,-0.298,,
23-Sep-19,-0.499,-0.45,-0.4,-0.363,-0.302,,
23-Sep-19,-0.499,-0.45,-0.4,-0.363,-0.302,,
24-Sep-19,-0.502,-0.449,-0.403,-0.373,-0.316,,
24-Sep-19,-0.502,-0.449,-0.403,-0.373,-0.316,,
25-Sep-19,-0.508,-0.453,-0.41,-0.375,-0.325,,
25-Sep-19,-0.508,-0.453,-0.41,-0.375,-0.325,,
26-Sep-19,-0.509,-0.457,-0.413,-0.376,-0.324,,
26-Sep-19,-0.509,-0.457,-0.413,-0.376,-0.324,,
27-Sep-19,-0.502,-0.462,-0.412,-0.377,-0.325,,
27-Sep-19,-0.502,-0.462,-0.412,-0.377,-0.325,,
30-Sep-19,-0.499,-0.457,-0.418,-0.386,-0.33,,
30-Sep-19,-0.499,-0.457,-0.418,-0.386,-0.33,,
1-Oct-19,-0.497,-0.467,-0.428,-0.387,-0.33,,
1-Oct-19,-0.497,-0.467,-0.428,-0.387,-0.33,,
2-Oct-19,-0.515,-0.468,-0.425,-0.384,-0.323,,
2-Oct-19,-0.515,-0.468,-0.425,-0.384,-0.323,,
3-Oct-19,-0.503,-0.474,-0.425,-0.387,-0.328,,
3-Oct-19,-0.503,-0.474,-0.425,-0.387,-0.328,,
4-Oct-19,-0.502,-0.474,-0.423,-0.389,-0.336,,
4-Oct-19,-0.502,-0.474,-0.423,-0.389,-0.336,,
7-Oct-19,-0.498,-0.468,-0.423,-0.389,-0.336,,
7-Oct-19,-0.498,-0.468,-0.423,-0.389,-0.336,,
8-Oct-19,-0.497,-0.463,-0.417,-0.387,-0.33,,
8-Oct-19,-0.497,-0.463,-0.417,-0.387,-0.33,,
9-Oct-19,-0.501,-0.464,-0.418,-0.384,-0.333,,
9-Oct-19,-0.501,-0.464,-0.418,-0.384,-0.333,,
10-Oct-19,-0.493,-0.466,-0.418,-0.375,-0.326,,
10-Oct-19,-0.493,-0.466,-0.418,-0.375,-0.326,,
14-Oct-19,-0.504,-0.468,-0.416,-0.353,-0.301,,
14-Oct-19,-0.504,-0.468,-0.416,-0.353,-0.301,,
15-Oct-19,-0.487,-0.458,-0.418,-0.358,-0.303,,
15-Oct-19,-0.487,-0.458,-0.418,-0.358,-0.303,,
16-Oct-19,-0.498,-0.458,-0.41,-0.354,-0.299,,
16-Oct-19,-0.498,-0.458,-0.41,-0.354,-0.299,,
17-Oct-19,-0.499,-0.448,-0.41,-0.349,-0.294,,
17-Oct-19,-0.499,-0.448,-0.41,-0.349,-0.294,,
18-Oct-19,-0.488,-0.438,-0.407,-0.351,-0.298,,
18-Oct-19,-0.488,-0.438,-0.407,-0.351,-0.298,,
21-Oct-19,-0.493,-0.438,-0.408,-0.349,-0.294,,
21-Oct-19,-0.493,-0.438,-0.408,-0.349,-0.294,,
22-Oct-19,-0.482,-0.444,-0.404,-0.348,-0.284,,
22-Oct-19,-0.482,-0.444,-0.404,-0.348,-0.284,,
23-Oct-19,-0.497,-0.443,-0.402,-0.351,-0.288,,
23-Oct-19,-0.497,-0.443,-0.402,-0.351,-0.288,,
24-Oct-19,-0.494,-0.447,-0.404,-0.348,-0.288,,
24-Oct-19,-0.494,-0.447,-0.404,-0.348,-0.288,,
25-Oct-19,-0.503,-0.456,-0.413,-0.35,-0.293,,
25-Oct-19,-0.503,-0.456,-0.413,-0.35,-0.293,,
28-Oct-19,-0.501,-0.441,-0.409,-0.346,-0.281,,
28-Oct-19,-0.501,-0.441,-0.409,-0.346,-0.281,,
29-Oct-19,-0.482,-0.443,-0.405,-0.343,-0.28,,
29-Oct-19,-0.482,-0.443,-0.405,-0.343,-0.28,,
30-Oct-19,-0.484,-0.44,-0.401,-0.339,-0.276,,
30-Oct-19,-0.484,-0.44,-0.401,-0.339,-0.276,,
31-Oct-19,-0.48,-0.437,-0.394,-0.337,-0.273,,
31-Oct-19,-0.48,-0.437,-0.394,-0.337,-0.273,,
1-Nov-19,-0.488,-0.443,-0.399,-0.348,-0.281,,
1-Nov-19,-0.488,-0.443,-0.399,-0.348,-0.281,,
4-Nov-19,-0.483,-0.443,-0.398,-0.343,-0.276,,
4-Nov-19,-0.483,-0.443,-0.398,-0.343,-0.276,,
5-Nov-19,-0.475,-0.438,-0.403,-0.344,-0.278,,
5-Nov-19,-0.475,-0.438,-0.403,-0.344,-0.278,,
6-Nov-19,-0.487,-0.445,-0.406,-0.339,-0.269,,
6-Nov-19,-0.487,-0.445,-0.406,-0.339,-0.269,,
7-Nov-19,-0.478,-0.449,-0.4,-0.334,-0.27,,
7-Nov-19,-0.478,-0.449,-0.4,-0.334,-0.27,,
8-Nov-19,-0.477,-0.463,-0.395,-0.324,-0.262,,
8-Nov-19,-0.477,-0.463,-0.395,-0.324,-0.262,,
11-Nov-19,-0.485,-0.453,-0.394,-0.331,-0.263,,
11-Nov-19,-0.485,-0.453,-0.394,-0.331,-0.263,,
12-Nov-19,-0.482,-0.457,-0.398,-0.328,-0.255,,
12-Nov-19,-0.482,-0.457,-0.398,-0.328,-0.255,,
13-Nov-19,-0.483,-0.463,-0.402,-0.336,-0.261,,
13-Nov-19,-0.483,-0.463,-0.402,-0.336,-0.261,,
14-Nov-19,-0.478,-0.455,-0.399,-0.33,-0.266,,
14-Nov-19,-0.478,-0.455,-0.399,-0.33,-0.266,,
15-Nov-19,-0.468,-0.45,-0.404,-0.333,-0.269,,
15-Nov-19,-0.468,-0.45,-0.404,-0.333,-0.269,,
18-Nov-19,-0.488,-0.455,-0.403,-0.338,-0.267,,
18-Nov-19,-0.488,-0.455,-0.403,-0.338,-0.267,,
19-Nov-19,-0.481,-0.456,-0.408,-0.336,-0.271,,
19-Nov-19,-0.481,-0.456,-0.408,-0.336,-0.271,,
20-Nov-19,-0.482,-0.45,-0.406,-0.338,-0.273,,
20-Nov-19,-0.482,-0.45,-0.406,-0.338,-0.273,,
21-Nov-19,-0.48,-0.459,-0.408,-0.34,-0.28,,
21-Nov-19,-0.48,-0.459,-0.408,-0.34,-0.28,,
22-Nov-19,-0.47,-0.445,-0.403,-0.335,-0.277,,
22-Nov-19,-0.47,-0.445,-0.403,-0.335,-0.277,,
25-Nov-19,-0.494,-0.451,-0.404,-0.338,-0.28,,
25-Nov-19,-0.494,-0.451,-0.404,-0.338,-0.28,,
26-Nov-19,-0.499,-0.451,-0.399,-0.338,-0.279,,
26-Nov-19,-0.499,-0.451,-0.399,-0.338,-0.279,,
27-Nov-19,-0.499,-0.448,-0.4,-0.342,-0.278,,
27-Nov-19,-0.499,-0.448,-0.4,-0.342,-0.278,,
28-Nov-19,-0.476,-0.439,-0.397,-0.347,-0.283,,
28-Nov-19,-0.476,-0.439,-0.397,-0.347,-0.283,,
29-Nov-19,-0.484,-0.437,-0.401,-0.343,-0.273,,
29-Nov-19,-0.484,-0.437,-0.401,-0.343,-0.273,,
2-Dec-19,-0.472,-0.439,-0.4,-0.345,-0.27,,
2-Dec-19,-0.472,-0.439,-0.4,-0.345,-0.27,,
3-Dec-19,-0.499,-0.448,-0.397,-0.333,-0.263,,
3-Dec-19,-0.499,-0.448,-0.397,-0.333,-0.263,,
4-Dec-19,-0.499,-0.45,-0.393,-0.335,-0.267,,
4-Dec-19,-0.499,-0.45,-0.393,-0.335,-0.267,,
5-Dec-19,-0.493,-0.453,-0.395,-0.336,-0.269,,
5-Dec-19,-0.493,-0.453,-0.395,-0.336,-0.269,,
6-Dec-19,-0.489,-0.456,-0.393,-0.333,-0.269,,
6-Dec-19,-0.489,-0.456,-0.393,-0.333,-0.269,,
9-Dec-19,-0.505,-0.451,-0.392,-0.332,-0.277,,
9-Dec-19,-0.505,-0.451,-0.392,-0.332,-0.277,,
10-Dec-19,-0.492,-0.448,-0.393,-0.333,-0.269,,
10-Dec-19,-0.492,-0.448,-0.393,-0.333,-0.269,,
11-Dec-19,-0.491,-0.456,-0.393,-0.338,-0.272,,
11-Dec-19,-0.491,-0.456,-0.393,-0.338,-0.272,,
12-Dec-19,-0.487,-0.464,-0.395,-0.34,-0.266,,
12-Dec-19,-0.487,-0.464,-0.395,-0.34,-0.266,,
16-Dec-19,-0.501,-0.466,-0.396,-0.34,-0.262,,
16-Dec-19,-0.501,-0.466,-0.396,-0.34,-0.262,,
17-Dec-19,-0.497,-0.465,-0.4,-0.342,-0.263,,
17-Dec-19,-0.497,-0.465,-0.4,-0.342,-0.263,,
18-Dec-19,-0.491,-0.461,-0.403,-0.348,-0.269,,
18-Dec-19,-0.491,-0.461,-0.403,-0.348,-0.269,,
19-Dec-19,-0.486,-0.453,-0.398,-0.342,-0.262,,
19-Dec-19,-0.486,-0.453,-0.398,-0.342,-0.262,,
20-Dec-19,-0.477,-0.449,-0.388,-0.33,-0.253,,
20-Dec-19,-0.477,-0.449,-0.388,-0.33,-0.253,,
23-Dec-19,-0.476,-0.451,-0.399,-0.339,-0.25,,
23-Dec-19,-0.476,-0.451,-0.399,-0.339,-0.25,,
24-Dec-19,-0.513,-0.452,-0.398,-0.331,-0.248,,
24-Dec-19,-0.513,-0.452,-0.398,-0.331,-0.248,,
27-Dec-19,-0.513,-0.444,-0.39,-0.325,-0.247,,
27-Dec-19,-0.513,-0.444,-0.39,-0.325,-0.247,,
30-Dec-19,-0.49,-0.447,-0.388,-0.325,-0.24,,
30-Dec-19,-0.49,-0.447,-0.388,-0.325,-0.24,,
31-Dec-19,-0.499,-0.438,-0.383,-0.324,-0.249,,
31-Dec-19,-0.499,-0.438,-0.383,-0.324,-0.249,,
2-Jan-20,-0.491,-0.436,-0.379,-0.323,-0.248,,
3-Jan-20,-0.503,-0.443,-0.384,-0.323,-0.238,,
6-Jan-20,-0.506,-0.45,-0.385,-0.325,-0.248,,
7-Jan-20,-0.504,-0.452,-0.387,-0.323,-0.248,,
8-Jan-20,-0.511,-0.448,-0.39,-0.332,-0.251,,
9-Jan-20,-0.518,-0.456,-0.393,-0.333,-0.26,,
10-Jan-20,-0.514,-0.463,-0.395,-0.334,-0.253,,
13-Jan-20,-0.498,-0.46,-0.389,-0.324,-0.246,,
14-Jan-20,-0.503,-0.46,-0.391,-0.329,-0.243,,
15-Jan-20,-0.505,-0.458,-0.393,-0.334,-0.252,,
16-Jan-20,-0.51,-0.466,-0.393,-0.33,-0.251,,
17-Jan-20,-0.505,-0.462,-0.391,-0.332,-0.242,,
20-Jan-20,-0.501,-0.463,-0.392,-0.333,-0.244,,
21-Jan-20,-0.5,-0.47,-0.392,-0.334,-0.243,,
22-Jan-20,-0.503,-0.466,-0.39,-0.329,-0.242,,
23-Jan-20,-0.498,-0.467,-0.386,-0.32,-0.247,,
24-Jan-20,-0.503,-0.451,-0.386,-0.323,-0.258,,
27-Jan-20,-0.506,-0.453,-0.398,-0.333,-0.26,,
28-Jan-20,-0.499,-0.457,-0.401,-0.337,-0.27,,
29-Jan-20,-0.503,-0.458,-0.399,-0.336,-0.269,,
30-Jan-20,-0.508,-0.458,-0.398,-0.337,-0.278,,
31-Jan-20,-0.506,-0.454,-0.393,-0.338,-0.284,,
3-Feb-20,-0.51,-0.455,-0.393,-0.338,-0.29,,
4-Feb-20,-0.509,-0.46,-0.396,-0.34,-0.288,,
5-Feb-20,-0.508,-0.459,-0.4,-0.346,-0.278,,
6-Feb-20,-0.503,-0.459,-0.399,-0.343,-0.27,,
7-Feb-20,-0.509,-0.458,-0.4,-0.339,-0.269,,
10-Feb-20,-0.508,-0.471,-0.397,-0.346,-0.269,,
11-Feb-20,-0.515,-0.477,-0.409,-0.35,-0.276,,
12-Feb-20,-0.518,-0.47,-0.413,-0.362,-0.288,,
13-Feb-20,-0.509,-0.48,-0.411,-0.357,-0.287,,
14-Feb-20,-0.509,-0.48,-0.413,-0.359,-0.293,,
17-Feb-20,-0.504,-0.48,-0.413,-0.353,-0.294,,
18-Feb-20,-0.523,-0.48,-0.403,-0.358,-0.292,,
19-Feb-20,-0.509,-0.467,-0.402,-0.353,-0.288,,
20-Feb-20,-0.521,-0.483,-0.41,-0.358,-0.294,,
21-Feb-20,-0.517,-0.478,-0.415,-0.356,-0.287,,
24-Feb-20,-0.508,-0.477,-0.414,-0.357,-0.284,,
25-Feb-20,-0.509,-0.474,-0.417,-0.358,-0.295,,
26-Feb-20,-0.509,-0.479,-0.423,-0.371,-0.306,,
27-Feb-20,-0.521,-0.488,-0.425,-0.375,-0.303,,
28-Feb-20,-0.518,-0.488,-0.424,-0.386,-0.311,,
2-Mar-20,-0.52,-0.488,-0.434,-0.4,-0.327,,
3-Mar-20,-0.516,-0.508,-0.463,-0.422,-0.362,,
4-Mar-20,-0.507,-0.502,-0.468,-0.418,-0.359,,
5-Mar-20,-0.517,-0.513,-0.469,-0.432,-0.362,,
6-Mar-20,-0.52,-0.501,-0.473,-0.427,-0.348,,
9-Mar-20,-0.516,-0.496,-0.468,-0.421,-0.352,,
10-Mar-20,-0.524,-0.513,-0.482,-0.438,-0.358,,
11-Mar-20,-0.523,-0.503,-0.473,-0.429,-0.339,,
12-Mar-20,-0.528,-0.52,-0.489,-0.447,-0.368,,
13-Mar-20,-0.527,-0.48,-0.428,-0.397,-0.287,,
16-Mar-20,-0.507,-0.488,-0.41,-0.372,-0.268,,
17-Mar-20,-0.513,-0.495,-0.408,-0.373,-0.263,,
18-Mar-20,-0.501,-0.478,-0.408,-0.36,-0.253,,
19-Mar-20,-0.503,-0.474,-0.393,-0.345,-0.221,,
20-Mar-20,-0.496,-0.45,-0.371,-0.313,-0.186,,
23-Mar-20,-0.506,-0.445,-0.369,-0.307,-0.191,,
24-Mar-20,-0.506,-0.457,-0.373,-0.306,-0.189,,
25-Mar-20,-0.492,-0.458,-0.369,-0.298,-0.176,,
26-Mar-20,-0.493,-0.443,-0.349,-0.274,-0.148,,
27-Mar-20,-0.48,-0.438,-0.353,-0.281,-0.153,,
30-Mar-20,-0.472,-0.436,-0.353,-0.28,-0.163,,
31-Mar-20,-0.511,-0.423,-0.363,-0.287,-0.171,,
1-Apr-20,-0.516,-0.468,-0.343,-0.276,-0.168,,
2-Apr-20,-0.495,-0.454,-0.336,-0.268,-0.153,,
3-Apr-20,-0.518,-0.438,-0.341,-0.277,-0.149,,
6-Apr-20,-0.493,-0.431,-0.318,-0.253,-0.134,,
7-Apr-20,-0.515,-0.406,-0.293,-0.232,-0.122,,
8-Apr-20,-0.517,-0.379,-0.254,-0.196,-0.09,,
9-Apr-20,-0.507,-0.387,-0.22,-0.179,-0.087,,
14-Apr-20,-0.518,-0.404,-0.248,-0.195,-0.105,,
15-Apr-20,-0.525,-0.422,-0.25,-0.196,-0.11,,
16-Apr-20,-0.516,-0.438,-0.224,-0.187,-0.098,,
17-Apr-20,-0.518,-0.434,-0.243,-0.195,-0.105,,
20-Apr-20,-0.515,-0.433,-0.246,-0.185,-0.091,,
21-Apr-20,-0.516,-0.425,-0.233,-0.178,-0.078,,
22-Apr-20,-0.514,-0.418,-0.19,-0.124,-0.053,,
23-Apr-20,-0.525,-0.402,-0.161,-0.114,-0.066,,
24-Apr-20,-0.505,-0.418,-0.192,-0.136,-0.083,,
27-Apr-20,-0.513,-0.448,-0.223,-0.147,-0.109,,
28-Apr-20,-0.515,-0.432,-0.232,-0.163,-0.114,,
29-Apr-20,-0.507,-0.465,-0.261,-0.169,-0.131,,
30-Apr-20,-0.503,-0.46,-0.273,-0.17,-0.118,,
4-May-20,-0.5,-0.476,-0.286,-0.157,-0.108,,
5-May-20,-0.514,-0.469,-0.297,-0.165,-0.108,,
6-May-20,-0.511,-0.469,-0.266,-0.136,-0.088,,
7-May-20,-0.504,-0.445,-0.258,-0.114,-0.078,,
8-May-20,-0.503,-0.451,-0.246,-0.145,-0.075,,
11-May-20,-0.512,-0.446,-0.258,-0.147,-0.085,,
12-May-20,-0.513,-0.448,-0.245,-0.147,-0.073,,
13-May-20,-0.518,-0.454,-0.253,-0.142,-0.068,,
14-May-20,-0.515,-0.469,-0.262,-0.137,-0.078,,
15-May-20,-0.512,-0.467,-0.266,-0.131,-0.078,,
18-May-20,-0.518,-0.478,-0.276,-0.137,-0.084,,
19-May-20,-0.523,-0.454,-0.259,-0.138,-0.075,,
20-May-20,-0.508,-0.468,-0.28,-0.139,-0.058,,
21-May-20,-0.512,-0.475,-0.282,-0.145,-0.078,,
22-May-20,-0.528,-0.473,-0.279,-0.154,-0.093,,
25-May-20,-0.518,-0.465,-0.275,-0.145,-0.083,,
26-May-20,-0.513,-0.462,-0.274,-0.133,-0.078,,
27-May-20,-0.518,-0.475,-0.28,-0.149,-0.076,,
28-May-20,-0.504,-0.461,-0.29,-0.142,-0.078,,
29-May-20,-0.511,-0.482,-0.307,-0.158,-0.085,,
1-Jun-20,-0.52,-0.498,-0.325,-0.163,-0.103,,
2-Jun-20,-0.519,-0.478,-0.33,-0.182,-0.107,,
3-Jun-20,-0.518,-0.488,-0.342,-0.174,-0.105,,
4-Jun-20,-0.521,-0.472,-0.352,-0.179,-0.112,,
5-Jun-20,-0.519,-0.483,-0.353,-0.196,-0.12,,
8-Jun-20,-0.516,-0.481,-0.365,-0.195,-0.12,,
9-Jun-20,-0.508,-0.487,-0.364,-0.194,-0.133,,
10-Jun-20,-0.523,-0.478,-0.351,-0.193,-0.118,,
11-Jun-20,-0.513,-0.479,-0.358,-0.183,-0.118,,
12-Jun-20,-0.515,-0.482,-0.366,-0.199,-0.124,,
15-Jun-20,-0.523,-0.484,-0.355,-0.206,-0.135,,
16-Jun-20,-0.515,-0.481,-0.372,-0.206,-0.135,,
17-Jun-20,-0.523,-0.492,-0.396,-0.215,-0.13,,
18-Jun-20,-0.522,-0.503,-0.389,-0.228,-0.147,,
19-Jun-20,-0.516,-0.507,-0.407,-0.234,-0.169,,
22-Jun-20,-0.519,-0.509,-0.4,-0.259,-0.179,,
23-Jun-20,-0.523,-0.508,-0.409,-0.269,-0.188,,
24-Jun-20,-0.513,-0.508,-0.398,-0.278,-0.184,,
25-Jun-20,-0.522,-0.504,-0.402,-0.268,-0.188,,
26-Jun-20,-0.514,-0.504,-0.403,-0.283,-0.199,,
29-Jun-20,-0.518,-0.507,-0.413,-0.287,-0.205,,
30-Jun-20,-0.518,-0.51,-0.422,-0.308,-0.225,,
1-Jul-20,-0.524,-0.512,-0.417,-0.295,-0.233,,
2-Jul-20,-0.523,-0.509,-0.429,-0.302,-0.237,,
3-Jul-20,-0.519,-0.502,-0.435,-0.314,-0.238,,
6-Jul-20,-0.52,-0.508,-0.441,-0.308,-0.243,,
7-Jul-20,-0.521,-0.511,-0.436,-0.313,-0.258,,
8-Jul-20,-0.533,-0.507,-0.433,-0.322,-0.263,,
9-Jul-20,-0.523,-0.498,-0.438,-0.328,-0.263,,
10-Jul-20,-0.522,-0.503,-0.44,-0.33,-0.284,,
13-Jul-20,-0.528,-0.503,-0.435,-0.332,-0.28,,
14-Jul-20,-0.536,-0.508,-0.433,-0.33,-0.271,,
15-Jul-20,-0.533,-0.513,-0.443,-0.333,-0.273,,
16-Jul-20,-0.528,-0.501,-0.449,-0.352,-0.282,,
17-Jul-20,-0.513,-0.506,-0.443,-0.351,-0.29,,
20-Jul-20,-0.523,-0.5,-0.443,-0.348,-0.279,,
21-Jul-20,-0.535,-0.501,-0.452,-0.353,-0.28,,
22-Jul-20,-0.531,-0.51,-0.454,-0.355,-0.283,,
23-Jul-20,-0.539,-0.515,-0.453,-0.373,-0.286,,
24-Jul-20,-0.521,-0.513,-0.448,-0.373,-0.292,,
27-Jul-20,-0.538,-0.516,-0.457,-0.375,-0.288,,
28-Jul-20,-0.527,-0.515,-0.454,-0.379,-0.307,,
29-Jul-20,-0.541,-0.523,-0.458,-0.389,-0.323,,
30-Jul-20,-0.533,-0.519,-0.461,-0.399,-0.328,,
31-Jul-20,-0.523,-0.51,-0.463,-0.407,-0.333,,
3-Aug-20,-0.537,-0.516,-0.469,-0.417,-0.336,,
4-Aug-20,-0.534,-0.521,-0.472,-0.421,-0.338,,
5-Aug-20,-0.533,-0.515,-0.467,-0.418,-0.344,,
6-Aug-20,-0.527,-0.512,-0.474,-0.417,-0.34,,
7-Aug-20,-0.525,-0.51,-0.478,-0.418,-0.35,,
10-Aug-20,-0.543,-0.519,-0.478,-0.422,-0.35,,
11-Aug-20,-0.535,-0.514,-0.482,-0.426,-0.356,,
12-Aug-20,-0.537,-0.511,-0.486,-0.428,-0.353,,
13-Aug-20,-0.53,-0.519,-0.481,-0.433,-0.351,,
14-Aug-20,-0.526,-0.519,-0.482,-0.432,-0.353,,
17-Aug-20,-0.538,-0.519,-0.48,-0.433,-0.355,,
18-Aug-20,-0.534,-0.517,-0.483,-0.44,-0.365,,
19-Aug-20,-0.535,-0.519,-0.488,-0.442,-0.366,,
20-Aug-20,-0.538,-0.523,-0.491,-0.444,-0.372,,
21-Aug-20,-0.533,-0.517,-0.487,-0.441,-0.376,,
24-Aug-20,-0.54,-0.518,-0.488,-0.442,-0.377,,
25-Aug-20,-0.53,-0.515,-0.481,-0.443,-0.373,,
26-Aug-20,-0.538,-0.515,-0.476,-0.443,-0.366,,
27-Aug-20,-0.529,-0.52,-0.477,-0.439,-0.364,,
28-Aug-20,-0.538,-0.523,-0.477,-0.444,-0.369,,
31-Aug-20,-0.54,-0.522,-0.477,-0.448,-0.383,,
1-Sep-20,-0.529,-0.51,-0.478,-0.441,-0.373,,
2-Sep-20,-0.53,-0.507,-0.478,-0.451,-0.389,,
3-Sep-20,-0.532,-0.512,-0.48,-0.455,-0.394,,
4-Sep-20,-0.53,-0.517,-0.483,-0.451,-0.401,,
7-Sep-20,-0.536,-0.513,-0.487,-0.459,-0.401,,
8-Sep-20,-0.536,-0.515,-0.488,-0.459,-0.402,,
9-Sep-20,-0.54,-0.519,-0.493,-0.463,-0.408,,
10-Sep-20,-0.538,-0.535,-0.488,-0.458,-0.401,,
11-Sep-20,-0.53,-0.516,-0.484,-0.455,-0.395,,
14-Sep-20,-0.535,-0.526,-0.484,-0.46,-0.403,,
15-Sep-20,-0.539,-0.523,-0.485,-0.458,-0.415,,
16-Sep-20,-0.539,-0.526,-0.487,-0.462,-0.419,,
17-Sep-20,-0.538,-0.529,-0.501,-0.463,-0.423,,
18-Sep-20,-0.534,-0.523,-0.504,-0.468,-0.429,,
21-Sep-20,-0.539,-0.533,-0.508,-0.47,-0.433,,
22-Sep-20,-0.533,-0.526,-0.508,-0.473,-0.438,,
23-Sep-20,-0.541,-0.531,-0.498,-0.468,-0.431,,
24-Sep-20,-0.536,-0.518,-0.493,-0.472,-0.433,,
25-Sep-20,-0.53,-0.523,-0.498,-0.468,-0.433,,
28-Sep-20,-0.545,-0.524,-0.493,-0.47,-0.427,,
29-Sep-20,-0.543,-0.523,-0.494,-0.474,-0.43,,
30-Sep-20,-0.547,-0.529,-0.498,-0.48,-0.443,,
1-Oct-20,-0.555,-0.526,-0.498,-0.481,-0.442,,
2-Oct-20,-0.537,-0.528,-0.505,-0.473,-0.449,,
5-Oct-20,-0.539,-0.534,-0.509,-0.488,-0.458,,
6-Oct-20,-0.541,-0.54,-0.505,-0.479,-0.46,,
7-Oct-20,-0.546,-0.54,-0.508,-0.488,-0.463,,
8-Oct-20,-0.544,-0.534,-0.506,-0.486,-0.455,,
9-Oct-20,-0.538,-0.526,-0.509,-0.486,-0.463,,
12-Oct-20,-0.542,-0.538,-0.511,-0.485,-0.468,,
13-Oct-20,-0.537,-0.535,-0.508,-0.483,-0.467,,
14-Oct-20,-0.536,-0.535,-0.511,-0.493,-0.468,,
15-Oct-20,-0.533,-0.539,-0.507,-0.497,-0.472,,
16-Oct-20,-0.521,-0.534,-0.509,-0.498,-0.468,,
19-Oct-20,-0.537,-0.538,-0.509,-0.497,-0.47,,
20-Oct-20,-0.536,-0.543,-0.507,-0.498,-0.473,,
21-Oct-20,-0.538,-0.539,-0.507,-0.498,-0.471,,
22-Oct-20,-0.533,-0.553,-0.511,-0.498,-0.467,,
23-Oct-20,-0.533,-0.539,-0.512,-0.496,-0.464,,
26-Oct-20,-0.547,-0.539,-0.509,-0.496,-0.463,,
27-Oct-20,-0.538,-0.543,-0.51,-0.507,-0.465,,
28-Oct-20,-0.54,-0.545,-0.512,-0.505,-0.475,,
29-Oct-20,-0.548,-0.55,-0.515,-0.515,-0.482,,
30-Oct-20,-0.541,-0.548,-0.523,-0.521,-0.489,,
2-Nov-20,-0.538,-0.54,-0.52,-0.513,-0.486,,
3-Nov-20,-0.547,-0.54,-0.52,-0.513,-0.486,,
4-Nov-20,-0.553,-0.55,-0.517,-0.515,-0.486,,
5-Nov-20,-0.55,-0.547,-0.517,-0.511,-0.483,,
6-Nov-20,-0.538,-0.533,-0.513,-0.512,-0.483,,
9-Nov-20,-0.548,-0.539,-0.516,-0.511,-0.483,,
10-Nov-20,-0.556,-0.527,-0.51,-0.505,-0.472,,
11-Nov-20,-0.544,-0.537,-0.518,-0.507,-0.473,,
12-Nov-20,-0.542,-0.542,-0.513,-0.504,-0.468,,
13-Nov-20,-0.535,-0.533,-0.514,-0.503,-0.469,,
16-Nov-20,-0.529,-0.537,-0.522,-0.505,-0.476,,
17-Nov-20,-0.556,-0.552,-0.522,-0.508,-0.474,,
18-Nov-20,-0.55,-0.546,-0.527,-0.513,-0.483,,
19-Nov-20,-0.553,-0.556,-0.527,-0.512,-0.483,,
20-Nov-20,-0.545,-0.543,-0.528,-0.509,-0.483,,
23-Nov-20,-0.549,-0.542,-0.523,-0.509,-0.484,,
24-Nov-20,-0.554,-0.537,-0.523,-0.51,-0.482,,
25-Nov-20,-0.557,-0.533,-0.526,-0.508,-0.482,,
26-Nov-20,-0.55,-0.539,-0.528,-0.506,-0.483,,
27-Nov-20,-0.548,-0.546,-0.528,-0.507,-0.487,,
30-Nov-20,-0.546,-0.551,-0.526,-0.508,-0.487,,
1-Dec-20,-0.552,-0.548,-0.526,-0.508,-0.487,,
2-Dec-20,-0.558,-0.548,-0.524,-0.508,-0.486,,
3-Dec-20,-0.548,-0.539,-0.527,-0.51,-0.488,,
4-Dec-20,-0.552,-0.545,-0.532,-0.512,-0.49,,
7-Dec-20,-0.554,-0.55,-0.534,-0.513,-0.499,,
8-Dec-20,-0.553,-0.549,-0.536,-0.518,-0.504,,
9-Dec-20,-0.558,-0.552,-0.545,-0.524,-0.507,,
10-Dec-20,-0.555,-0.573,-0.546,-0.523,-0.504,,
11-Dec-20,-0.552,-0.554,-0.543,-0.52,-0.499,,
14-Dec-20,-0.565,-0.573,-0.543,-0.522,-0.505,,
15-Dec-20,-0.558,-0.57,-0.544,-0.52,-0.503,,
16-Dec-20,-0.558,-0.575,-0.54,-0.525,-0.499,,
17-Dec-20,-0.553,-0.582,-0.541,-0.518,-0.495,,
18-Dec-20,-0.548,-0.56,-0.537,-0.52,-0.498,,
21-Dec-20,-0.566,-0.563,-0.532,-0.518,-0.492,,
22-Dec-20,-0.558,-0.574,-0.539,-0.522,-0.493,,
23-Dec-20,-0.565,-0.573,-0.541,-0.521,-0.495,,
24-Dec-20,-0.57,-0.568,-0.542,-0.519,-0.494,,
28-Dec-20,-0.578,-0.568,-0.542,-0.52,-0.495,,
29-Dec-20,-0.57,-0.555,-0.538,-0.523,-0.495,,
30-Dec-20,-0.575,-0.562,-0.541,-0.52,-0.499,,
31-Dec-20,-0.578,-0.554,-0.545,-0.526,-0.499,,
1-Jan-21,-0.578,-0.554,-0.545,-0.526,-0.499,,
4-Jan-21,-0.579,-0.57,-0.546,-0.532,-0.502,,
5-Jan-21,-0.573,-0.573,-0.552,-0.524,-0.503,,
6-Jan-21,-0.563,-0.567,-0.556,-0.53,-0.509,,
7-Jan-21,-0.568,-0.563,-0.554,-0.524,-0.509,,
8-Jan-21,-0.561,-0.555,-0.55,-0.53,-0.51,,
11-Jan-21,-0.567,-0.548,-0.545,-0.523,-0.503,,
12-Jan-21,-0.573,-0.553,-0.549,-0.53,-0.506,,
13-Jan-21,-0.564,-0.563,-0.545,-0.527,-0.498,,
14-Jan-21,-0.572,-0.564,-0.55,-0.533,-0.505,,
15-Jan-21,-0.567,-0.557,-0.552,-0.532,-0.508,,
18-Jan-21,-0.57,-0.567,-0.553,-0.533,-0.503,,
19-Jan-21,-0.564,-0.561,-0.548,-0.528,-0.502,,
20-Jan-21,-0.571,-0.559,-0.543,-0.532,-0.506,,
21-Jan-21,-0.568,-0.561,-0.543,-0.527,-0.505,,
22-Jan-21,-0.56,-0.557,-0.54,-0.525,-0.498,,
25-Jan-21,-0.571,-0.554,-0.543,-0.521,-0.493,,
26-Jan-21,-0.563,-0.563,-0.539,-0.528,-0.504,,
27-Jan-21,-0.575,-0.567,-0.543,-0.526,-0.505,,
28-Jan-21,-0.576,-0.568,-0.544,-0.534,-0.513,,
29-Jan-21,-0.563,-0.571,-0.548,-0.531,-0.512,,
1-Feb-21,-0.56,-0.56,-0.543,-0.528,-0.511,,
2-Feb-21,-0.56,-0.563,-0.54,-0.526,-0.515,,
3-Feb-21,-0.562,-0.568,-0.545,-0.521,-0.507,,
4-Feb-21,-0.561,-0.568,-0.543,-0.525,-0.508,,
5-Feb-21,-0.559,-0.554,-0.535,-0.519,-0.504,,
8-Feb-21,-0.57,-0.548,-0.536,-0.521,-0.503,,
9-Feb-21,-0.562,-0.551,-0.54,-0.523,-0.503,,
10-Feb-21,-0.573,-0.55,-0.541,-0.522,-0.503,,
11-Feb-21,-0.573,-0.548,-0.541,-0.521,-0.502,,
12-Feb-21,-0.562,-0.553,-0.547,-0.522,-0.502,,
15-Feb-21,-0.565,-0.553,-0.547,-0.521,-0.505,,
16-Feb-21,-0.573,-0.55,-0.543,-0.52,-0.5,,
17-Feb-21,-0.574,-0.552,-0.545,-0.521,-0.498,,
18-Feb-21,-0.569,-0.548,-0.543,-0.518,-0.498,,
19-Feb-21,-0.565,-0.553,-0.543,-0.517,-0.494,,
22-Feb-21,-0.566,-0.55,-0.543,-0.516,-0.494,,
23-Feb-21,-0.563,-0.55,-0.54,-0.517,-0.496,,
24-Feb-21,-0.566,-0.549,-0.539,-0.518,-0.494,,
25-Feb-21,-0.578,-0.553,-0.538,-0.518,-0.497,,
26-Feb-21,-0.567,-0.547,-0.53,-0.516,-0.483,,
1-Mar-21,-0.566,-0.553,-0.533,-0.508,-0.478,,
2-Mar-21,-0.563,-0.548,-0.54,-0.516,-0.488,,
3-Mar-21,-0.567,-0.56,-0.546,-0.517,-0.482,,
4-Mar-21,-0.572,-0.56,-0.541,-0.518,-0.486,,
5-Mar-21,-0.558,-0.554,-0.537,-0.514,-0.487,,
8-Mar-21,-0.564,-0.548,-0.537,-0.515,-0.483,,
9-Mar-21,-0.568,-0.557,-0.54,-0.518,-0.488,,
10-Mar-21,-0.571,-0.553,-0.543,-0.52,-0.487,,
11-Mar-21,-0.571,-0.561,-0.542,-0.518,-0.486,,
12-Mar-21,-0.556,-0.548,-0.539,-0.514,-0.483,,
15-Mar-21,-0.561,-0.556,-0.538,-0.515,-0.482,,
16-Mar-21,-0.558,-0.563,-0.542,-0.52,-0.491,,
17-Mar-21,-0.565,-0.553,-0.543,-0.52,-0.485,,
18-Mar-21,-0.566,-0.555,-0.54,-0.519,-0.487,,
19-Mar-21,-0.559,-0.553,-0.539,-0.515,-0.483,,
22-Mar-21,-0.563,-0.549,-0.538,-0.518,-0.491,,
23-Mar-21,-0.572,-0.552,-0.537,-0.518,-0.493,,
24-Mar-21,-0.568,-0.549,-0.535,-0.516,-0.493,,
25-Mar-21,-0.568,-0.551,-0.538,-0.514,-0.487,,
26-Mar-21,-0.559,-0.55,-0.537,-0.514,-0.489,,
29-Mar-21,-0.571,-0.545,-0.536,-0.513,-0.488,,
30-Mar-21,-0.566,-0.555,-0.54,-0.519,-0.494,,
31-Mar-21,-0.557,-0.556,-0.538,-0.509,-0.484,,
1-Apr-21,-0.555,-0.551,-0.538,-0.512,-0.488,,
6-Apr-21,-0.568,-0.55,-0.538,-0.517,-0.496,,
7-Apr-21,-0.563,-0.553,-0.543,-0.517,-0.492,,
8-Apr-21,-0.557,-0.556,-0.545,-0.518,-0.493,,
9-Apr-21,-0.558,-0.559,-0.544,-0.522,-0.497,,
12-Apr-21,-0.571,-0.558,-0.538,-0.517,-0.49,,
13-Apr-21,-0.577,-0.549,-0.538,-0.523,-0.493,,
14-Apr-21,-0.566,-0.55,-0.538,-0.509,-0.482,,
15-Apr-21,-0.559,-0.561,-0.537,-0.512,-0.478,,
16-Apr-21,-0.558,-0.553,-0.538,-0.511,-0.478,,
19-Apr-21,-0.562,-0.552,-0.537,-0.513,-0.478,,
20-Apr-21,-0.575,-0.558,-0.538,-0.513,-0.473,,
21-Apr-21,-0.562,-0.554,-0.535,-0.513,-0.476,,
22-Apr-21,-0.56,-0.555,-0.539,-0.515,-0.476,,
23-Apr-21,-0.561,-0.557,-0.539,-0.515,-0.476,,
26-Apr-21,-0.558,-0.556,-0.538,-0.514,-0.477,,
27-Apr-21,-0.562,-0.558,-0.535,-0.518,-0.484,,
28-Apr-21,-0.577,-0.557,-0.534,-0.518,-0.483,,
29-Apr-21,-0.573,-0.558,-0.536,-0.518,-0.479,,
30-Apr-21,-0.567,-0.556,-0.535,-0.521,-0.481,,
3-May-21,-0.568,-0.559,-0.535,-0.518,-0.486,,
4-May-21,-0.57,-0.562,-0.535,-0.516,-0.483,,
5-May-21,-0.571,-0.553,-0.531,-0.515,-0.483,,
6-May-21,-0.571,-0.558,-0.532,-0.513,-0.483,,
7-May-21,-0.56,-0.553,-0.529,-0.514,-0.483,,
10-May-21,-0.559,-0.551,-0.533,-0.513,-0.482,,
11-May-21,-0.57,-0.548,-0.533,-0.513,-0.481,,
12-May-21,-0.566,-0.552,-0.539,-0.513,-0.48,,
13-May-21,-0.563,-0.553,-0.541,-0.515,-0.482,,
14-May-21,-0.567,-0.561,-0.549,-0.513,-0.478,,
17-May-21,-0.558,-0.563,-0.548,-0.515,-0.478,,
18-May-21,-0.563,-0.559,-0.553,-0.515,-0.476,,
19-May-21,-0.56,-0.562,-0.552,-0.515,-0.479,,
20-May-21,-0.563,-0.562,-0.545,-0.517,-0.482,,
21-May-21,-0.563,-0.563,-0.543,-0.513,-0.479,,
24-May-21,-0.559,-0.561,-0.542,-0.509,-0.478,,
25-May-21,-0.568,-0.557,-0.538,-0.505,-0.476,,
26-May-21,-0.568,-0.561,-0.537,-0.507,-0.48,,
27-May-21,-0.563,-0.557,-0.54,-0.509,-0.48,,
28-May-21,-0.567,-0.558,-0.543,-0.512,-0.481,,
31-May-21,-0.574,-0.563,-0.544,-0.513,-0.483,,
1-Jun-21,-0.57,-0.56,-0.545,-0.517,-0.487,,
2-Jun-21,-0.571,-0.556,-0.543,-0.516,-0.485,,
3-Jun-21,-0.568,-0.558,-0.542,-0.517,-0.485,,
4-Jun-21,-0.571,-0.558,-0.546,-0.513,-0.486,,
7-Jun-21,-0.566,-0.557,-0.546,-0.513,-0.486,,
8-Jun-21,-0.573,-0.553,-0.543,-0.516,-0.488,,
9-Jun-21,-0.563,-0.547,-0.542,-0.518,-0.485,,
10-Jun-21,-0.564,-0.549,-0.545,-0.519,-0.488,,
11-Jun-21,-0.559,-0.551,-0.548,-0.521,-0.489,,
14-Jun-21,-0.566,-0.55,-0.546,-0.522,-0.488,,
15-Jun-21,-0.568,-0.547,-0.542,-0.522,-0.488,,
16-Jun-21,-0.562,-0.548,-0.547,-0.519,-0.485,,
17-Jun-21,-0.573,-0.555,-0.543,-0.513,-0.486,,
18-Jun-21,-0.56,-0.548,-0.544,-0.513,-0.485,,
21-Jun-21,-0.558,-0.55,-0.542,-0.511,-0.48,,
22-Jun-21,-0.564,-0.553,-0.54,-0.508,-0.477,,
23-Jun-21,-0.569,-0.553,-0.538,-0.509,-0.478,,
24-Jun-21,-0.564,-0.558,-0.538,-0.508,-0.478,,
25-Jun-21,-0.566,-0.562,-0.538,-0.513,-0.478,,
28-Jun-21,-0.566,-0.564,-0.543,-0.513,-0.48,,
29-Jun-21,-0.575,-0.555,-0.541,-0.513,-0.48,,
30-Jun-21,-0.575,-0.569,-0.542,-0.515,-0.483,,
1-Jul-21,-0.567,-0.561,-0.54,-0.513,-0.485,,
2-Jul-21,-0.562,-0.555,-0.546,-0.512,-0.485,,
5-Jul-21,-0.558,-0.553,-0.542,-0.513,-0.488,,
6-Jul-21,-0.565,-0.553,-0.539,-0.513,-0.489,,
7-Jul-21,-0.575,-0.554,-0.547,-0.511,-0.491,,
8-Jul-21,-0.568,-0.556,-0.546,-0.515,-0.493,,
9-Jul-21,-0.564,-0.552,-0.543,-0.514,-0.494,,
12-Jul-21,-0.571,-0.549,-0.543,-0.511,-0.493,,
13-Jul-21,-0.565,-0.56,-0.546,-0.513,-0.49,,
14-Jul-21,-0.573,-0.559,-0.546,-0.513,-0.488,,
15-Jul-21,-0.57,-0.557,-0.548,-0.513,-0.487,,
16-Jul-21,-0.562,-0.557,-0.548,-0.515,-0.488,,
19-Jul-21,-0.56,-0.56,-0.548,-0.515,-0.488,,
20-Jul-21,-0.566,-0.558,-0.543,-0.518,-0.486,,
21-Jul-21,-0.564,-0.553,-0.546,-0.513,-0.484,,
22-Jul-21,-0.568,-0.553,-0.549,-0.517,-0.485,,
23-Jul-21,-0.563,-0.56,-0.544,-0.519,-0.493,,
26-Jul-21,-0.562,-0.558,-0.544,-0.519,-0.493,,
27-Jul-21,-0.568,-0.557,-0.543,-0.523,-0.494,,
28-Jul-21,-0.565,-0.558,-0.547,-0.524,-0.498,,
29-Jul-21,-0.574,-0.558,-0.544,-0.524,-0.502,,
30-Jul-21,-0.564,-0.556,-0.544,-0.523,-0.502,,
2-Aug-21,-0.571,-0.556,-0.543,-0.523,-0.502,,
3-Aug-21,-0.573,-0.563,-0.545,-0.525,-0.505,,
4-Aug-21,-0.572,-0.56,-0.543,-0.531,-0.502,,
5-Aug-21,-0.573,-0.568,-0.54,-0.527,-0.504,,
6-Aug-21,-0.566,-0.561,-0.541,-0.524,-0.501,,
9-Aug-21,-0.574,-0.561,-0.543,-0.527,-0.502,,
10-Aug-21,-0.569,-0.561,-0.547,-0.528,-0.498,,
11-Aug-21,-0.575,-0.565,-0.549,-0.53,-0.498,,
12-Aug-21,-0.578,-0.566,-0.553,-0.527,-0.497,,
13-Aug-21,-0.574,-0.561,-0.552,-0.528,-0.496,,
16-Aug-21,-0.57,-0.564,-0.55,-0.527,-0.493,,
17-Aug-21,-0.573,-0.565,-0.55,-0.527,-0.491,,
18-Aug-21,-0.569,-0.558,-0.548,-0.527,-0.493,,
19-Aug-21,-0.564,-0.56,-0.55,-0.529,-0.494,,
20-Aug-21,-0.574,-0.552,-0.548,-0.528,-0.494,,
23-Aug-21,-0.575,-0.557,-0.549,-0.529,-0.494,,
24-Aug-21,-0.573,-0.557,-0.549,-0.527,-0.495,,
25-Aug-21,-0.576,-0.559,-0.55,-0.528,-0.498,,
27-Aug-21,-0.565,-0.556,-0.55,-0.529,-0.502,,
30-Aug-21,-0.563,-0.559,-0.549,-0.529,-0.5,,
31-Aug-21,-0.565,-0.554,-0.548,-0.522,-0.501,,
1-Sep-21,-0.573,-0.554,-0.55,-0.521,-0.496,,
2-Sep-21,-0.56,-0.558,-0.551,-0.52,-0.499,,
3-Sep-21,-0.567,-0.553,-0.548,-0.519,-0.5,,
6-Sep-21,-0.572,-0.555,-0.549,-0.52,-0.5,,
7-Sep-21,-0.575,-0.552,-0.543,-0.518,-0.496,,
8-Sep-21,-0.574,-0.557,-0.541,-0.517,-0.494,,
9-Sep-21,-0.577,-0.558,-0.543,-0.522,-0.489,,
10-Sep-21,-0.568,-0.558,-0.544,-0.519,-0.495,,
13-Sep-21,-0.574,-0.557,-0.544,-0.52,-0.489,,
14-Sep-21,-0.576,-0.556,-0.548,-0.522,-0.488,,
15-Sep-21,-0.564,-0.557,-0.543,-0.524,-0.488,,
16-Sep-21,-0.574,-0.559,-0.545,-0.522,-0.493,,
17-Sep-21,-0.563,-0.562,-0.548,-0.526,-0.49,,
20-Sep-21,-0.565,-0.558,-0.545,-0.528,-0.489,,
21-Sep-21,-0.569,-0.563,-0.546,-0.53,-0.497,,
22-Sep-21,-0.565,-0.561,-0.544,-0.523,-0.491,,
23-Sep-21,-0.576,-0.557,-0.543,-0.528,-0.495,,
24-Sep-21,-0.567,-0.553,-0.543,-0.523,-0.488,,
27-Sep-21,-0.571,-0.561,-0.542,-0.517,-0.486,,
28-Sep-21,-0.568,-0.558,-0.543,-0.523,-0.489,,
29-Sep-21,-0.568,-0.558,-0.543,-0.523,-0.491,,
30-Sep-21,-0.568,-0.563,-0.545,-0.528,-0.488,,
1-Oct-21,-0.562,-0.557,-0.547,-0.526,-0.488,,
4-Oct-21,-0.572,-0.559,-0.548,-0.527,-0.488,,
5-Oct-21,-0.576,-0.567,-0.551,-0.525,-0.491,,
6-Oct-21,-0.567,-0.564,-0.551,-0.53,-0.487,,
7-Oct-21,-0.574,-0.562,-0.547,-0.526,-0.482,,
8-Oct-21,-0.568,-0.561,-0.548,-0.518,-0.482,,
11-Oct-21,-0.572,-0.563,-0.551,-0.521,-0.48,,
12-Oct-21,-0.568,-0.561,-0.552,-0.523,-0.476,,
13-Oct-21,-0.568,-0.561,-0.548,-0.524,-0.473,,
14-Oct-21,-0.571,-0.563,-0.551,-0.523,-0.473,,
15-Oct-21,-0.567,-0.564,-0.548,-0.528,-0.483,,
18-Oct-21,-0.573,-0.561,-0.548,-0.527,-0.48,,
19-Oct-21,-0.568,-0.557,-0.548,-0.524,-0.467,,
20-Oct-21,-0.575,-0.563,-0.547,-0.527,-0.468,,
21-Oct-21,-0.574,-0.559,-0.548,-0.532,-0.477,,
22-Oct-21,-0.568,-0.563,-0.549,-0.534,-0.471,,
25-Oct-21,-0.573,-0.557,-0.548,-0.528,-0.471,,
26-Oct-21,-0.574,-0.556,-0.55,-0.533,-0.474,,
27-Oct-21,-0.565,-0.558,-0.556,-0.536,-0.473,,
28-Oct-21,-0.566,-0.556,-0.557,-0.533,-0.473,,
29-Oct-21,-0.561,-0.557,-0.553,-0.527,-0.455,,
1-Nov-21,-0.562,-0.557,-0.558,-0.529,-0.443,,
2-Nov-21,-0.573,-0.56,-0.567,-0.534,-0.461,,
3-Nov-21,-0.573,-0.565,-0.573,-0.538,-0.482,,
4-Nov-21,-0.574,-0.567,-0.568,-0.538,-0.478,,
5-Nov-21,-0.571,-0.567,-0.567,-0.536,-0.495,,
8-Nov-21,-0.572,-0.573,-0.572,-0.537,-0.501,,
9-Nov-21,-0.581,-0.563,-0.565,-0.533,-0.498,,
10-Nov-21,-0.576,-0.566,-0.569,-0.532,-0.496,,
11-Nov-21,-0.578,-0.574,-0.563,-0.527,-0.478,,
12-Nov-21,-0.569,-0.566,-0.562,-0.533,-0.473,,
15-Nov-21,-0.566,-0.566,,-0.528,-0.48,,
16-Nov-21,-0.571,-0.563,-0.558,-0.53,-0.484,,
17-Nov-21,-0.577,-0.567,-0.567,-0.538,-0.489,,
18-Nov-21,-0.571,-0.563,-0.564,-0.533,-0.488,,
19-Nov-21,-0.568,-0.558,-0.559,-0.528,-0.49,,
22-Nov-21,-0.568,-0.56,-0.564,-0.528,-0.495,,
23-Nov-21,-0.581,-0.57,-0.572,-0.533,-0.491,,
24-Nov-21,-0.574,-0.565,-0.583,-0.54,-0.491,,
25-Nov-21,-0.584,-0.568,-0.575,-0.542,-0.498,,
26-Nov-21,-0.569,-0.567,-0.572,-0.537,-0.494,,
29-Nov-21,-0.578,-0.563,-0.57,-0.536,-0.504,,
30-Nov-21,-0.577,-0.57,-0.573,-0.538,-0.505,,
1-Dec-21,-0.576,-0.573,-0.572,-0.541,-0.505,,
2-Dec-21,-0.581,-0.568,-0.565,-0.541,-0.498,,
3-Dec-21,-0.573,-0.569,-0.563,-0.537,-0.5,,
6-Dec-21,-0.576,-0.567,-0.562,-0.543,-0.499,,
7-Dec-21,-0.584,-0.573,,-0.538,-0.499,,
8-Dec-21,-0.574,-0.565,-0.574,-0.54,-0.498,,
9-Dec-21,-0.574,-0.581,-0.585,-0.546,-0.497,,
10-Dec-21,-0.57,-0.576,-0.588,-0.543,-0.498,,
13-Dec-21,-0.574,-0.593,-0.603,-0.547,-0.504,,
14-Dec-21,-0.574,-0.625,-0.605,-0.545,-0.508,,
15-Dec-21,-0.581,-0.598,-0.602,-0.547,-0.508,,
16-Dec-21,-0.571,-0.593,-0.589,-0.548,-0.508,,
17-Dec-21,-0.588,-0.611,-0.581,-0.551,-0.511,,
20-Dec-21,-0.574,-0.625,,-0.554,-0.518,,
21-Dec-21,-0.581,-0.611,-0.588,-0.551,-0.515,,
22-Dec-21,-0.575,-0.643,-0.591,-0.545,-0.505,,
23-Dec-21,-0.578,-0.648,-0.588,-0.537,-0.499,,
24-Dec-21,-0.579,-0.621,-0.587,-0.544,-0.494,,
27-Dec-21,-0.589,-0.614,-0.59,-0.544,-0.495,,
28-Dec-21,-0.595,-0.598,-0.583,-0.548,-0.495,,
29-Dec-21,-0.602,-0.594,-0.571,-0.544,-0.492,,
30-Dec-21,-0.587,-0.585,-0.573,-0.546,-0.498,,
31-Dec-21,-0.574,-0.583,,-0.546,-0.501,,
3-Jan-22,-0.587,-0.576,-0.57,-0.539,-0.499,,
4-Jan-22,-0.575,-0.569,-0.565,-0.535,-0.498,,
5-Jan-22,-0.581,-0.566,-0.576,-0.541,-0.5,,
6-Jan-22,-0.579,-0.57,-0.574,-0.534,-0.496,,
7-Jan-22,-0.574,-0.565,-0.576,-0.536,-0.493,,
10-Jan-22,-0.579,-0.563,-0.57,-0.531,-0.489,,
11-Jan-22,-0.581,-0.564,-0.564,-0.528,-0.49,,
12-Jan-22,-0.58,-0.563,-0.563,-0.529,-0.475,,
13-Jan-22,-0.577,-0.568,-0.563,-0.534,-0.483,,
14-Jan-22,-0.574,-0.565,-0.568,-0.533,-0.483,,
17-Jan-22,-0.582,-0.562,-0.56,-0.523,-0.47,,
18-Jan-22,-0.578,-0.563,-0.558,-0.524,-0.468,,
19-Jan-22,-0.573,-0.563,-0.557,-0.524,-0.468,,
20-Jan-22,-0.577,-0.561,-0.553,-0.521,-0.46,,
21-Jan-22,-0.573,-0.559,-0.552,-0.522,-0.462,,
24-Jan-22,-0.573,-0.563,-0.543,-0.522,-0.463,,
25-Jan-22,-0.572,-0.562,-0.548,-0.523,-0.467,,
26-Jan-22,-0.572,-0.565,-0.554,-0.524,-0.468,,
27-Jan-22,-0.573,-0.565,-0.547,-0.518,-0.466,,
28-Jan-22,-0.573,-0.563,-0.55,-0.519,-0.459,,
31-Jan-22,-0.567,-0.567,-0.552,-0.514,-0.453,,
1-Feb-22,-0.567,-0.56,-0.547,-0.503,-0.431,,
2-Feb-22,-0.564,-0.561,-0.547,-0.502,-0.429,,
3-Feb-22,-0.568,-0.56,-0.551,-0.499,-0.423,,
4-Feb-22,-0.569,-0.551,-0.548,-0.473,-0.346,,
7-Feb-22,-0.573,-0.548,-0.53,-0.456,-0.31,,
8-Feb-22,-0.57,-0.545,-0.538,-0.463,-0.313,,
9-Feb-22,-0.578,-0.547,-0.523,-0.457,-0.313,,
10-Feb-22,-0.571,-0.552,-0.528,-0.467,-0.325,,
11-Feb-22,-0.577,-0.557,-0.523,-0.458,-0.298,,
14-Feb-22,-0.583,-0.551,,-0.448,-0.283,,
15-Feb-22,-0.578,-0.555,-0.523,-0.455,-0.285,,
16-Feb-22,-0.571,-0.558,-0.524,-0.461,-0.286,,
17-Feb-22,-0.578,-0.562,-0.529,-0.478,-0.313,,
18-Feb-22,-0.568,-0.557,-0.528,-0.487,-0.329,,
21-Feb-22,-0.576,-0.556,-0.527,-0.482,-0.332,,
22-Feb-22,-0.569,-0.555,-0.528,-0.49,-0.337,,
23-Feb-22,-0.568,-0.544,-0.529,-0.483,-0.332,,
24-Feb-22,-0.576,-0.548,-0.53,-0.48,-0.323,,
25-Feb-22,-0.558,-0.543,-0.528,-0.488,-0.348,,
28-Feb-22,-0.567,-0.551,-0.533,-0.493,-0.349,,
1-Mar-22,-0.565,-0.553,,-0.496,-0.363,,
2-Mar-22,-0.56,-0.558,-0.532,-0.502,-0.398,,
3-Mar-22,-0.574,-0.549,-0.526,-0.485,-0.377,,
4-Mar-22,-0.567,-0.546,-0.52,-0.482,-0.359,,
7-Mar-22,-0.568,-0.517,-0.498,-0.453,-0.352,,
8-Mar-22,-0.583,-0.528,,-0.443,-0.328,,
9-Mar-22,-0.565,-0.53,-0.491,-0.424,-0.308,,
10-Mar-22,-0.571,-0.549,,-0.427,-0.293,,
11-Mar-22,-0.565,-0.548,-0.502,-0.414,-0.268,,
14-Mar-22,-0.575,-0.556,-0.5,-0.413,-0.258,,
15-Mar-22,-0.571,-0.553,-0.502,-0.407,-0.237,,
16-Mar-22,-0.569,-0.554,-0.488,-0.393,-0.232,,
17-Mar-22,-0.565,-0.548,-0.493,-0.402,-0.216,,
18-Mar-22,-0.566,-0.557,-0.487,-0.393,-0.207,,
21-Mar-22,-0.566,-0.55,-0.494,-0.391,-0.203,,
22-Mar-22,-0.568,-0.562,-0.499,-0.393,-0.186,,
23-Mar-22,-0.567,-0.549,-0.493,-0.392,-0.165,,
24-Mar-22,-0.573,-0.541,-0.483,-0.397,-0.16,,
25-Mar-22,-0.561,-0.546,-0.477,-0.392,-0.142,,
28-Mar-22,-0.562,-0.536,-0.477,-0.388,-0.127,,
29-Mar-22,-0.576,-0.533,-0.473,-0.381,-0.105,,
30-Mar-22,-0.57,-0.527,-0.464,-0.371,-0.103,,
31-Mar-22,-0.579,-0.532,-0.458,-0.367,-0.073,,
1-Apr-22,-0.564,-0.541,-0.461,-0.362,-0.086,,
4-Apr-22,-0.567,-0.551,-0.447,-0.358,-0.083,,
5-Apr-22,-0.578,-0.548,-0.467,-0.375,-0.093,,
6-Apr-22,-0.567,-0.54,-0.463,-0.361,-0.063,,
7-Apr-22,-0.574,-0.548,-0.465,-0.355,-0.058,,
8-Apr-22,-0.565,-0.541,-0.449,-0.35,-0.048,,
11-Apr-22,-0.573,-0.529,-0.435,-0.334,-0.03,,
12-Apr-22,-0.569,-0.538,-0.433,-0.32,0.005,,
13-Apr-22,-0.56,-0.543,-0.448,-0.328,-0.014,,
14-Apr-22,-0.56,-0.547,-0.452,-0.317,0.003,,
19-Apr-22,-0.572,-0.56,-0.468,-0.333,-0.01,,
20-Apr-22,-0.572,-0.569,-0.475,-0.332,-0.014,,
21-Apr-22,-0.57,-0.541,-0.463,-0.31,0.017,,
22-Apr-22,-0.57,-0.52,-0.427,-0.268,0.084,,
25-Apr-22,-0.57,-0.5,-0.415,-0.239,0.134,,
26-Apr-22,-0.576,-0.513,-0.43,-0.246,0.111,,
27-Apr-22,-0.569,-0.52,-0.445,-0.251,0.109,,
28-Apr-22,-0.571,-0.522,-0.438,-0.242,0.118,,
29-Apr-22,-0.566,-0.538,-0.429,-0.226,0.166,,
2-May-22,-0.568,-0.527,-0.416,-0.204,0.213,,
3-May-22,-0.566,-0.543,-0.425,-0.198,0.225,,
4-May-22,-0.569,-0.544,-0.427,-0.205,0.234,,
5-May-22,-0.563,-0.553,-0.421,-0.206,0.253,,
6-May-22,-0.563,-0.553,-0.426,-0.206,0.246,,
9-May-22,-0.568,-0.533,-0.402,-0.183,0.263,,
10-May-22,-0.564,-0.553,-0.417,-0.202,0.236,,
11-May-22,-0.571,-0.566,-0.414,-0.208,0.227,,
12-May-22,-0.568,-0.544,-0.406,-0.211,0.23,,
13-May-22,-0.564,-0.546,-0.403,-0.209,0.182,,
16-May-22,-0.565,-0.558,-0.403,-0.192,0.206,,
17-May-22,-0.564,-0.544,-0.38,-0.166,0.24,,
18-May-22,-0.577,-0.552,-0.368,-0.126,0.313,,
19-May-22,-0.563,-0.542,-0.348,-0.096,0.344,,
20-May-22,-0.566,-0.535,-0.348,-0.078,0.353,,
23-May-22,-0.568,-0.543,-0.363,-0.085,0.348,,
24-May-22,-0.573,-0.543,-0.356,-0.073,0.364,,
25-May-22,-0.575,-0.547,-0.351,-0.062,0.359,,
26-May-22,-0.563,-0.544,-0.352,-0.061,0.36,,
27-May-22,-0.572,-0.545,-0.368,-0.076,0.358,,
30-May-22,-0.569,-0.545,-0.354,-0.068,0.361,,
31-May-22,-0.568,-0.546,-0.338,-0.045,0.39,,
1-Jun-22,-0.577,-0.541,-0.335,-0.034,0.417,,
2-Jun-22,-0.574,-0.538,-0.327,-0.017,0.45,,
3-Jun-22,-0.566,-0.538,-0.328,-0.008,0.486,,
6-Jun-22,-0.573,-0.531,-0.314,0.009,0.521,,
7-Jun-22,-0.578,-0.525,-0.298,0.029,0.561,,
8-Jun-22,-0.575,-0.537,-0.302,0.034,0.569,,
9-Jun-22,-0.578,-0.533,-0.282,0.063,0.614,,
10-Jun-22,-0.568,-0.539,-0.298,0.083,0.68,,
13-Jun-22,-0.568,-0.536,-0.281,0.108,0.792,,
14-Jun-22,-0.571,-0.512,-0.243,0.175,0.957,,
15-Jun-22,-0.566,-0.494,-0.182,0.237,1.067,,
16-Jun-22,-0.571,-0.498,-0.172,0.249,1.058,,
17-Jun-22,-0.568,-0.487,-0.169,0.291,1.124,,
20-Jun-22,-0.568,-0.5,-0.178,0.273,1.091,,
21-Jun-22,-0.563,-0.512,-0.163,0.289,1.115,,
22-Jun-22,-0.569,-0.512,-0.172,0.291,1.108,,
23-Jun-22,-0.568,-0.528,-0.186,0.273,1.089,,
24-Jun-22,-0.572,-0.553,-0.218,0.223,0.975,,
27-Jun-22,-0.569,-0.551,-0.218,0.223,0.948,,
28-Jun-22,-0.57,-0.536,-0.211,0.225,1.022,,
29-Jun-22,-0.563,-0.535,-0.191,0.278,1.068,,
30-Jun-22,-0.568,-0.508,-0.195,0.263,1.037,,
1-Jul-22,-0.565,-0.506,-0.176,0.238,0.961,,
4-Jul-22,-0.568,-0.485,-0.165,0.241,0.897,,
5-Jul-22,-0.567,-0.46,-0.145,0.234,0.939,,
6-Jul-22,-0.573,-0.465,-0.152,0.226,0.839,,
7-Jul-22,-0.573,-0.464,-0.141,0.238,0.821,,
8-Jul-22,-0.563,-0.427,-0.087,0.322,0.972,,
11-Jul-22,-0.572,-0.398,-0.07,0.365,0.969,,
12-Jul-22,-0.571,-0.4,-0.058,0.379,0.926,,
13-Jul-22,-0.57,-0.421,-0.052,0.363,0.865,,
14-Jul-22,-0.569,-0.378,0.002,0.448,0.952,,
15-Jul-22,-0.565,-0.317,0.072,0.532,1.057,,
18-Jul-22,-0.565,-0.32,0.047,0.503,1.015,,
19-Jul-22,-0.562,-0.325,0.042,0.534,1.052,,
20-Jul-22,-0.543,-0.259,0.125,0.635,1.164,,
21-Jul-22,-0.513,-0.252,0.145,0.632,1.142,,
22-Jul-22,-0.421,-0.17,0.2,0.706,1.2,,
25-Jul-22,-0.279,-0.131,0.233,0.633,1.04,,
26-Jul-22,-0.176,-0.089,0.212,0.623,1.033,,
27-Jul-22,-0.118,-0.062,0.238,0.631,1.013,,
28-Jul-22,-0.081,-0.035,0.267,0.66,1.044,,
29-Jul-22,-0.074,-0.071,0.232,0.653,0.921,,
1-Aug-22,-0.071,-0.062,0.246,0.654,0.942,,
2-Aug-22,-0.07,-0.048,0.26,0.652,0.926,,
3-Aug-22,-0.073,-0.04,0.252,0.667,0.963,,
4-Aug-22,-0.07,-0.039,0.269,0.689,1.014,,
5-Aug-22,-0.07,-0.041,0.277,0.678,1.023,,
8-Aug-22,-0.078,-0.032,0.301,0.729,1.11,,
9-Aug-22,-0.07,-0.015,0.321,0.737,1.113,,
10-Aug-22,-0.068,-0.025,0.325,0.774,1.152,,
11-Aug-22,-0.078,-0.027,0.321,0.764,1.141,,
12-Aug-22,-0.068,-0.035,0.333,0.766,1.163,,
15-Aug-22,-0.068,-0.016,0.339,0.745,1.158,,
16-Aug-22,-0.071,-0.028,0.333,0.735,1.118,,
17-Aug-22,-0.069,-0.014,0.351,0.753,1.146,,
18-Aug-22,-0.073,0.003,0.391,0.826,1.229,,
19-Aug-22,-0.068,0.026,0.43,0.862,1.258,,
22-Aug-22,-0.069,0.046,0.453,0.908,1.344,,
23-Aug-22,-0.073,0.059,0.468,0.926,1.398,,
24-Aug-22,-0.072,0.079,0.493,0.947,1.427,,
25-Aug-22,-0.079,0.085,0.518,0.984,1.483,,
26-Aug-22,-0.067,0.094,0.542,0.983,1.482,,
29-Aug-22,-0.07,0.12,0.582,1.077,1.612,,
30-Aug-22,-0.069,0.196,0.62,1.193,1.758,,
31-Aug-22,-0.069,0.23,0.654,1.203,1.778,,
1-Sep-22,-0.073,0.228,0.712,1.24,1.851,,
2-Sep-22,-0.071,0.314,0.763,1.29,1.896,,
5-Sep-22,-0.073,0.298,0.783,1.298,1.874,,
6-Sep-22,-0.06,0.368,0.816,1.337,1.921,,
7-Sep-22,0.005,0.394,0.822,1.363,1.913,,
8-Sep-22,0.043,0.381,0.836,1.354,1.903,,
9-Sep-22,0.173,0.48,0.934,1.442,2.015,,
12-Sep-22,0.374,0.586,0.988,1.494,2.075,,
13-Sep-22,0.542,0.619,1,1.538,2.102,,
14-Sep-22,0.608,0.669,1.013,1.548,2.156,,
15-Sep-22,0.65,0.68,1.03,1.608,2.223,,
16-Sep-22,0.646,0.678,1.063,1.672,2.263,,
19-Sep-22,0.655,0.692,1.066,1.737,2.295,,
20-Sep-22,0.658,0.7,1.1,1.74,2.338,,
21-Sep-22,0.671,0.708,1.118,1.766,2.416,,
22-Sep-22,0.649,0.68,1.12,1.763,2.442,,
23-Sep-22,0.654,0.698,1.153,1.803,2.5,,
26-Sep-22,0.666,0.7,1.168,1.803,2.563,,
27-Sep-22,0.657,0.722,1.228,1.851,2.625,,
28-Sep-22,0.665,0.685,1.193,1.858,2.621,,
29-Sep-22,0.651,0.666,1.16,1.8,2.578,,
30-Sep-22,0.648,0.679,1.173,1.809,2.556,,
3-Oct-22,0.659,0.674,1.185,1.775,2.5,,
4-Oct-22,0.648,0.664,1.173,1.762,2.41,,
5-Oct-22,0.648,0.706,1.2,1.731,2.363,,
6-Oct-22,0.647,0.733,1.248,1.838,2.47,,
7-Oct-22,0.656,0.783,1.288,1.897,2.552,,
10-Oct-22,0.657,0.809,1.319,1.962,2.639,,
11-Oct-22,0.657,0.843,1.34,2.003,2.693,,
12-Oct-22,0.645,0.854,1.363,1.998,2.659,,
13-Oct-22,0.628,0.845,1.378,2.012,2.661,,
14-Oct-22,0.646,0.892,1.403,2.027,2.677,,
17-Oct-22,0.651,0.913,1.458,2.032,2.679,,
18-Oct-22,0.659,0.919,1.456,2.038,2.698,,
19-Oct-22,0.668,0.938,1.462,2.057,2.684,,
20-Oct-22,0.664,0.943,1.502,2.083,2.733,,
21-Oct-22,0.659,0.983,1.543,2.107,2.778,,
24-Oct-22,0.674,0.979,1.558,2.132,2.738,,
25-Oct-22,0.664,1.038,1.577,2.106,2.725,,
26-Oct-22,0.713,1.109,1.578,2.103,2.69,,
27-Oct-22,0.81,1.133,1.605,2.118,2.671,,
28-Oct-22,0.951,1.208,1.641,2.034,2.567,,
31-Oct-22,1.018,1.253,1.704,2.13,2.63,,
1-Nov-22,1.159,1.376,1.737,2.168,2.686,,
2-Nov-22,1.331,1.385,1.726,2.198,2.673,,
3-Nov-22,1.382,1.401,1.732,2.225,2.735,,
4-Nov-22,1.385,1.398,1.734,2.278,2.794,,
7-Nov-22,1.385,1.405,1.742,2.296,2.82,,
8-Nov-22,1.378,1.415,1.791,2.316,2.846,,
9-Nov-22,1.393,1.415,1.802,2.333,2.874,,
10-Nov-22,1.391,1.395,1.798,2.319,2.862,,
11-Nov-22,1.372,1.362,1.762,2.291,2.811,,
14-Nov-22,1.392,1.405,1.791,2.337,2.867,,
15-Nov-22,1.388,1.414,1.795,2.3,2.852,,
16-Nov-22,1.382,1.395,1.803,2.311,2.843,,
17-Nov-22,1.386,1.425,1.802,2.294,2.834,,
18-Nov-22,1.392,1.413,1.821,2.342,2.837,,
21-Nov-22,1.399,1.4,1.817,2.327,2.835,,
22-Nov-22,1.406,1.418,1.863,2.338,2.847,,
23-Nov-22,1.38,1.448,1.898,2.36,2.854,,
24-Nov-22,1.364,1.462,1.908,2.368,2.879,,
25-Nov-22,1.388,1.476,1.922,2.374,2.86,,
28-Nov-22,1.397,1.492,1.954,2.436,2.892,,
29-Nov-22,1.397,1.497,1.984,2.442,2.892,,
30-Nov-22,1.408,1.512,1.973,2.414,2.83,,
1-Dec-22,1.398,1.526,1.972,2.405,2.842,,
2-Dec-22,1.398,1.514,1.975,2.406,2.811,,
5-Dec-22,1.398,1.523,1.975,2.436,2.841,,
6-Dec-22,1.372,1.519,1.993,2.443,2.87,,
7-Dec-22,1.416,1.552,1.977,2.442,2.864,,
8-Dec-22,1.398,1.538,1.99,2.456,2.858,,
9-Dec-22,1.416,1.605,2.005,2.466,2.861,,
12-Dec-22,1.415,1.622,2.052,2.527,2.88,,
13-Dec-22,1.403,1.686,2.046,2.479,2.873,,
14-Dec-22,1.432,1.697,2.081,2.519,2.871,,
15-Dec-22,1.468,1.691,2.062,2.493,2.867,,
16-Dec-22,1.542,1.748,2.047,2.569,2.993,,
19-Dec-22,1.6,1.797,2.063,2.585,3.057,,
20-Dec-22,1.774,1.898,2.081,2.625,3.118,,
21-Dec-22,1.804,1.913,2.102,2.645,3.176,,
22-Dec-22,1.902,1.894,2.125,2.696,3.192,,
23-Dec-22,1.885,1.91,2.141,2.701,3.238,,
27-Dec-22,1.885,1.895,2.128,2.703,3.265,,
28-Dec-22,1.841,1.898,2.202,2.752,3.325,,
29-Dec-22,1.882,1.901,2.184,2.726,3.288,,
30-Dec-22,1.872,1.884,2.132,2.693,3.291,,
2-Jan-23,1.876,1.883,2.162,2.732,3.316,,
3-Jan-23,1.838,1.854,2.172,2.739,3.321,,
4-Jan-23,1.882,1.888,2.17,2.761,3.312,,
5-Jan-23,1.878,1.894,2.178,2.772,3.303,,
6-Jan-23,1.89,1.904,2.254,2.805,3.328,,
9-Jan-23,1.882,1.898,2.27,2.809,3.328,,
10-Jan-23,1.889,1.935,2.284,2.82,3.338,,
11-Jan-23,1.879,1.922,2.298,2.858,3.37,,
12-Jan-23,1.886,1.918,2.288,2.818,3.325,,
13-Jan-23,1.895,1.908,2.328,2.876,3.315,,
16-Jan-23,1.904,1.97,2.334,2.843,3.332,,
17-Jan-23,1.895,1.98,2.335,2.878,3.339,,
18-Jan-23,1.887,1.985,2.342,2.832,3.311,,
19-Jan-23,1.905,1.99,2.393,2.857,3.3,,
20-Jan-23,1.899,1.999,2.417,2.895,3.327,,
23-Jan-23,1.893,2.014,2.449,2.917,3.345,,
24-Jan-23,1.893,2.052,2.501,2.922,3.353,,
25-Jan-23,1.894,2.064,2.458,2.928,3.363,,
26-Jan-23,1.899,2.077,2.468,2.922,3.352,,
27-Jan-23,1.884,2.13,2.492,2.942,3.356,,
30-Jan-23,1.894,2.144,2.482,2.959,3.368,,
31-Jan-23,1.895,2.177,2.512,2.988,3.413,,
1-Feb-23,1.907,2.19,2.483,3.009,3.414,,
2-Feb-23,1.97,2.262,2.54,3.029,3.446,,
3-Feb-23,2.107,2.255,2.545,3.011,3.374,,
6-Feb-23,2.148,2.325,2.565,3.008,3.401,,
7-Feb-23,2.291,2.361,2.602,3.029,3.435,,
8-Feb-23,2.342,2.381,2.608,3.054,3.451,,
9-Feb-23,2.382,2.363,2.607,3.103,3.486,,
10-Feb-23,2.359,2.375,2.621,3.08,3.465,,
13-Feb-23,2.379,2.402,2.654,3.102,3.51,,
14-Feb-23,2.342,2.374,2.66,3.135,3.518,,
15-Feb-23,2.379,2.405,2.682,3.166,3.542,,
16-Feb-23,2.387,2.406,2.703,3.192,3.567,,
17-Feb-23,2.345,2.374,2.667,3.212,3.572,,
20-Feb-23,2.393,2.383,2.654,3.192,3.579,,
21-Feb-23,2.375,2.392,2.682,3.225,3.578,,
22-Feb-23,2.386,2.396,2.683,3.197,3.625,,
23-Feb-23,2.392,2.403,2.693,3.198,3.642,,
24-Feb-23,2.379,2.429,2.698,3.233,3.662,,
27-Feb-23,2.344,2.422,2.716,3.242,3.68,,
28-Feb-23,2.339,2.478,2.744,3.29,3.725,,
1-Mar-23,2.368,2.487,2.783,3.311,3.745,,
2-Mar-23,2.365,2.502,2.801,3.366,3.821,,
3-Mar-23,2.393,2.551,2.849,3.353,3.826,,
6-Mar-23,2.381,2.511,2.875,3.363,3.859,,
7-Mar-23,2.348,2.562,2.92,3.418,3.908,,
8-Mar-23,2.382,2.565,2.944,3.451,3.944,,
9-Mar-23,2.373,2.573,2.948,3.461,3.978,,
10-Mar-23,2.378,2.63,2.978,3.445,3.953,,
13-Mar-23,2.378,2.646,2.957,3.375,3.858,,
14-Mar-23,2.317,2.601,2.753,3.035,3.509,,
15-Mar-23,2.415,2.615,2.815,3.131,3.662,,
16-Mar-23,2.424,2.558,2.646,2.985,3.359,,
17-Mar-23,2.482,2.648,2.75,3.055,3.38,,
20-Mar-23,2.565,2.778,2.892,3.095,3.395,,
21-Mar-23,2.712,2.822,2.908,3.071,3.322,,
22-Mar-23,2.827,2.902,3.002,3.214,3.468,,
23-Mar-23,2.854,2.902,2.99,3.29,3.578,,
24-Mar-23,2.878,2.928,3.025,3.281,3.533,,
27-Mar-23,2.879,2.902,3.012,3.239,3.469,,
28-Mar-23,2.787,2.904,2.99,3.269,3.542,,
29-Mar-23,2.9,2.905,3.015,3.29,3.573,,
30-Mar-23,2.866,2.921,3.052,3.312,3.568,,
31-Mar-23,2.898,2.915,3.038,3.341,3.622,,
3-Apr-23,2.895,2.928,3.053,3.335,3.651,,
4-Apr-23,2.876,2.899,3.052,3.359,3.638,,
5-Apr-23,2.875,2.888,3.055,3.339,3.628,,
6-Apr-23,2.886,2.887,3.075,3.339,3.578,,
11-Apr-23,2.902,2.889,3.108,3.356,3.582,,
12-Apr-23,2.862,2.889,3.126,3.43,3.654,,
13-Apr-23,2.862,2.934,3.177,3.49,3.718,,
14-Apr-23,2.894,2.948,3.175,3.51,3.723,,
17-Apr-23,2.882,2.966,3.219,3.578,3.764,,
18-Apr-23,2.9,2.968,3.2,3.562,3.793,,
19-Apr-23,2.87,2.987,3.205,3.587,3.825,,
20-Apr-23,2.878,2.998,3.211,3.612,3.855,,
21-Apr-23,2.886,2.956,3.261,3.601,3.854,,
24-Apr-23,2.882,3.031,3.288,3.637,3.865,,
25-Apr-23,2.905,3.024,3.268,3.635,3.9,,
26-Apr-23,2.88,3.015,3.242,3.648,3.858,,
27-Apr-23,2.888,3.037,3.25,3.618,3.852,,
28-Apr-23,2.872,3.052,3.265,3.645,3.88,,
2-May-23,2.91,3.093,3.274,3.622,3.822,,
3-May-23,2.91,3.088,3.275,3.644,3.843,,
4-May-23,2.902,3.112,3.281,3.651,3.843,,
5-May-23,2.95,3.099,3.28,3.575,3.77,,
8-May-23,3.012,3.138,3.312,3.605,3.79,,
9-May-23,3.078,3.161,3.27,3.608,3.804,,
10-May-23,3.096,3.146,3.301,3.625,3.808,,
11-May-23,3.126,3.159,3.323,3.629,3.795,,
12-May-23,3.127,3.162,3.348,3.638,3.799,,
15-May-23,3.145,3.15,3.358,3.663,3.805,,
16-May-23,3.147,3.158,3.382,3.658,3.807,,
17-May-23,3.112,3.152,3.388,3.671,3.834,,
18-May-23,3.137,3.151,3.383,3.687,3.858,,
19-May-23,3.129,3.134,3.415,3.707,3.878,,
22-May-23,3.132,3.135,3.412,3.714,3.893,,
23-May-23,3.152,3.142,3.422,3.732,3.904,,
24-May-23,3.115,3.138,3.415,3.744,3.932,,
25-May-23,3.152,3.198,3.457,3.769,3.943,,
26-May-23,3.125,3.199,3.462,3.76,3.955,,
29-May-23,3.146,3.213,3.483,3.781,3.982,,
30-May-23,3.14,3.214,3.474,3.77,3.965,,
31-May-23,3.122,3.211,3.463,3.746,3.939,,
1-Jun-23,3.154,3.21,3.462,3.721,3.875,,
2-Jun-23,3.121,3.218,3.49,3.728,3.875,,
5-Jun-23,3.134,3.222,3.493,3.739,3.884,,
6-Jun-23,3.152,3.254,3.476,3.715,3.914,,
7-Jun-23,3.136,3.271,3.459,3.733,3.923,,
8-Jun-23,3.153,3.258,3.486,3.757,3.936,,
9-Jun-23,3.128,3.29,3.469,3.762,3.928,,
12-Jun-23,3.136,3.315,3.478,3.753,3.938,,
13-Jun-23,3.131,3.328,3.526,3.794,3.942,,
14-Jun-23,3.159,3.338,3.522,3.79,3.944,,
15-Jun-23,3.202,3.35,3.547,3.818,3.965,,
16-Jun-23,3.234,3.355,3.572,3.822,4.02,,
19-Jun-23,3.209,3.372,3.551,3.861,4.046,,
20-Jun-23,3.312,3.383,3.587,3.892,4.082,,
21-Jun-23,3.363,3.439,3.568,3.886,4.088,,
22-Jun-23,3.401,3.413,3.6,3.907,4.111,,
23-Jun-23,3.396,3.448,3.61,3.933,4.147,,
26-Jun-23,3.382,3.429,3.577,3.908,4.092,,
27-Jun-23,3.394,3.411,3.554,3.915,4.094,,
28-Jun-23,3.391,3.418,3.598,3.93,4.119,,
29-Jun-23,3.415,3.415,3.587,3.892,4.103,,
30-Jun-23,3.362,3.399,3.577,3.9,4.134,,
3-Jul-23,3.388,3.385,3.597,3.913,4.145,,
4-Jul-23,3.378,3.388,3.613,3.888,4.164,,
5-Jul-23,3.388,3.393,3.589,3.895,4.165,,
6-Jul-23,3.398,3.377,3.612,3.905,4.155,,
7-Jul-23,3.393,3.425,3.64,3.945,4.193,,
10-Jul-23,3.395,3.438,3.661,3.931,4.19,,
11-Jul-23,3.386,3.456,3.672,3.94,4.184,,
12-Jul-23,3.387,3.457,3.657,3.955,4.191,,
13-Jul-23,3.391,3.446,3.663,3.945,4.174,,
14-Jul-23,3.393,3.464,3.66,3.941,4.134,,
17-Jul-23,3.381,3.457,3.685,3.962,4.15,,
18-Jul-23,3.379,3.465,3.705,3.962,4.16,,
19-Jul-23,3.395,3.455,3.646,3.937,4.121,,
20-Jul-23,3.402,3.472,3.698,3.952,4.141,,
21-Jul-23,3.394,3.502,3.721,3.972,4.162,,
24-Jul-23,3.401,3.475,3.716,3.972,4.158,,
25-Jul-23,3.392,3.521,3.705,3.966,4.114,,
26-Jul-23,3.401,3.545,3.714,3.952,4.114,,
27-Jul-23,3.422,3.565,3.714,3.972,4.14,,
28-Jul-23,3.465,3.585,3.725,3.958,4.111,,
31-Jul-23,3.455,3.578,3.715,3.929,4.064,,
1-Aug-23,3.532,3.58,3.723,3.948,4.076,,
2-Aug-23,3.61,3.61,3.733,3.944,4.081,,
3-Aug-23,3.638,3.609,3.722,3.937,4.052,,
4-Aug-23,3.643,3.615,3.743,3.94,4.045,,
7-Aug-23,3.637,3.638,3.754,3.949,4.055,,
8-Aug-23,3.64,3.615,3.765,3.921,4.065,,
9-Aug-23,3.647,3.625,3.759,3.927,4.053,,
10-Aug-23,3.647,3.621,3.788,3.937,4.052,,
11-Aug-23,3.628,3.638,3.781,3.928,4.056,,
14-Aug-23,3.641,3.664,3.799,3.957,4.076,,
15-Aug-23,3.608,3.627,3.787,3.943,4.091,,
16-Aug-23,3.637,3.623,3.798,3.964,4.116,,
17-Aug-23,3.64,3.632,3.815,3.941,4.095,,
18-Aug-23,3.634,3.615,3.816,3.944,4.091,,
21-Aug-23,3.631,3.612,3.806,3.941,4.082,,
22-Aug-23,3.628,3.637,3.808,3.951,4.106,,
23-Aug-23,3.64,3.642,3.826,3.953,4.082,,
24-Aug-23,3.638,3.632,3.784,3.932,4.048,,
25-Aug-23,3.648,3.62,3.788,3.935,4.045,,
28-Aug-23,3.628,3.645,3.771,3.944,4.07,,
29-Aug-23,3.638,3.631,3.783,3.944,4.074,,
30-Aug-23,3.651,3.654,3.803,3.956,4.065,,
31-Aug-23,3.645,3.637,3.795,3.987,4.102,,
1-Sep-23,3.642,3.639,3.77,3.934,4.055,,
4-Sep-23,3.636,3.636,3.798,3.955,4.049,,
5-Sep-23,3.622,3.625,3.802,3.938,4.068,,
6-Sep-23,3.628,3.651,3.795,3.929,4.051,,
7-Sep-23,3.645,3.67,3.799,3.938,4.078,,
8-Sep-23,3.659,3.682,3.8,3.952,4.086,,
11-Sep-23,3.639,3.662,3.822,3.97,4.081,,
12-Sep-23,3.632,3.699,3.824,3.968,4.103,,
13-Sep-23,3.651,3.675,3.845,3.999,4.112,,
14-Sep-23,3.674,3.725,3.867,4.04,4.159,,
15-Sep-23,3.69,3.762,3.878,4.055,4.169,,
18-Sep-23,3.715,3.762,3.903,4.066,4.191,,
19-Sep-23,3.777,3.891,3.934,4.071,4.216,,
20-Sep-23,3.878,3.834,3.934,4.07,4.222,,
21-Sep-23,3.895,3.869,3.955,4.072,4.224,,
22-Sep-23,3.875,3.872,3.958,4.082,4.213,,
25-Sep-23,3.883,3.865,3.977,4.122,4.208,,
26-Sep-23,3.882,3.843,3.941,4.09,4.199,,
27-Sep-23,3.881,3.858,3.972,4.136,4.2,,
28-Sep-23,3.892,3.845,3.955,4.125,4.221,,
29-Sep-23,3.872,3.847,3.952,4.125,4.228,,
2-Oct-23,3.858,3.858,3.951,4.138,4.198,,
3-Oct-23,3.889,3.872,3.964,4.128,4.208,,
4-Oct-23,3.885,3.834,3.962,4.13,4.212,,
5-Oct-23,3.885,3.825,3.972,4.125,4.212,,
6-Oct-23,3.898,3.863,3.983,4.113,4.194,,
9-Oct-23,3.896,3.871,3.98,4.129,4.187,,
10-Oct-23,3.878,3.864,3.988,4.112,4.155,,
11-Oct-23,3.897,3.865,3.952,4.114,4.145,,
12-Oct-23,3.882,3.872,3.965,4.121,4.162,,
13-Oct-23,3.874,3.86,3.985,4.121,4.171,,
16-Oct-23,3.862,3.862,3.975,4.103,4.172,,
17-Oct-23,3.876,3.845,3.972,4.118,4.16,,
18-Oct-23,3.891,3.864,3.993,4.143,4.196,,
19-Oct-23,3.879,3.855,4.002,4.126,4.184,,
20-Oct-23,3.89,3.863,3.969,4.107,4.185,,
23-Oct-23,3.883,3.861,3.956,4.096,4.145,,
24-Oct-23,3.88,3.842,3.941,4.102,4.154,,
25-Oct-23,3.875,3.845,3.938,4.092,4.118,,
26-Oct-23,3.881,3.883,3.952,4.105,4.128,,
27-Oct-23,3.872,3.868,3.948,4.102,4.104,,
30-Oct-23,3.883,3.893,3.968,4.109,4.078,,
31-Oct-23,3.887,3.876,3.972,4.092,4.052,,
1-Nov-23,3.868,3.893,3.953,4.081,4.044,,
2-Nov-23,3.885,3.883,3.974,4.072,4.012,,
3-Nov-23,3.887,3.877,3.956,4.062,4.004,,
6-Nov-23,3.865,3.86,3.963,4.066,4.022,,
7-Nov-23,3.891,3.85,3.966,4.072,4.028,,
8-Nov-23,3.878,3.858,3.973,4.066,4.027,,
9-Nov-23,3.892,3.838,3.987,4.055,4.028,,
10-Nov-23,3.896,3.834,3.992,4.074,4.04,,
13-Nov-23,3.875,3.819,4.002,4.085,4.04,,
14-Nov-23,3.846,3.822,3.997,4.097,4.064,,
15-Nov-23,3.865,3.791,3.994,4.076,4.028,,
16-Nov-23,3.875,3.839,4.002,4.071,4.033,,
17-Nov-23,3.871,3.819,3.984,4.064,3.991,,
20-Nov-23,3.841,3.822,3.962,4.058,4.015,,
21-Nov-23,3.887,3.815,3.973,4.07,4.023,,
22-Nov-23,3.887,3.818,3.962,4.063,4.016,,
23-Nov-23,3.89,3.835,3.956,4.062,4.034,,
24-Nov-23,3.895,3.805,3.935,4.074,4.056,,
27-Nov-23,3.873,3.848,3.951,4.05,4.057,,
28-Nov-23,3.852,3.847,3.955,4.026,4.015,,
29-Nov-23,3.862,3.854,3.975,4.05,3.983,,
30-Nov-23,3.838,3.868,3.964,4.029,3.926,,
1-Dec-23,3.839,3.869,3.96,4.004,3.902,,
4-Dec-23,3.887,3.855,3.962,3.945,3.794,,
5-Dec-23,3.849,3.865,3.958,3.953,3.785,,
6-Dec-23,3.84,3.859,3.95,3.95,3.728,,
7-Dec-23,3.865,3.872,3.969,3.948,3.727,,
8-Dec-23,3.843,3.853,3.95,3.935,3.725,,
11-Dec-23,3.845,3.858,3.958,3.955,3.751,,
12-Dec-23,3.858,3.862,3.928,3.96,3.754,,
13-Dec-23,3.854,3.833,3.925,3.945,3.758,,
14-Dec-23,3.835,3.844,3.932,3.938,3.719,,
15-Dec-23,3.877,3.853,3.92,3.912,3.644,,
18-Dec-23,3.835,3.859,3.938,3.904,3.613,,
19-Dec-23,3.865,3.853,3.923,3.922,3.635,,
20-Dec-23,3.848,3.859,3.916,3.924,3.602,,
21-Dec-23,3.852,3.876,3.916,3.899,3.582,,
22-Dec-23,3.872,3.865,3.931,3.895,3.581,,
27-Dec-23,3.857,3.843,3.925,3.885,3.554,,
28-Dec-23,3.883,3.872,3.893,3.877,3.536,,
29-Dec-23,3.9,3.845,3.909,3.861,3.513,,
1-Jan-24,3.9,3.845,3.909,3.861,3.513,,
2-Jan-24,3.848,3.856,3.905,3.861,3.532,,
3-Jan-24,3.887,3.865,3.929,3.882,3.545,,
4-Jan-24,3.872,3.858,3.922,3.873,3.544,,
5-Jan-24,3.892,3.878,3.936,3.912,3.584,,
8-Jan-24,3.888,3.871,3.925,3.929,3.616,,
9-Jan-24,3.869,3.867,3.928,3.891,3.601,,
10-Jan-24,3.872,3.877,3.936,3.902,3.635,,
11-Jan-24,3.871,3.88,3.942,3.92,3.654,,
12-Jan-24,3.884,3.893,3.932,3.896,3.636,,
15-Jan-24,3.88,3.868,3.928,3.874,3.57,,
16-Jan-24,3.882,3.894,3.894,3.867,3.596,,
17-Jan-24,3.886,3.875,3.903,3.862,3.596,,
18-Jan-24,3.878,3.869,3.97,3.928,3.66,,
19-Jan-24,3.858,3.854,3.958,3.908,3.655,,
22-Jan-24,3.885,3.859,3.945,3.925,3.672,,
23-Jan-24,3.882,3.869,3.948,3.944,3.665,,
24-Jan-24,3.849,3.862,3.929,3.922,3.676,,
25-Jan-24,3.851,3.868,3.925,3.911,3.662,,
26-Jan-24,3.895,3.871,3.887,3.873,3.597,,
29-Jan-24,3.878,3.853,3.912,3.866,3.582,,
30-Jan-24,3.883,3.854,3.897,3.836,3.553,,
31-Jan-24,3.832,3.877,3.905,3.835,3.572,,
1-Feb-24,3.843,3.873,3.884,3.832,3.505,,
2-Feb-24,3.877,3.864,3.9,3.837,3.537,,
5-Feb-24,3.864,3.887,3.922,3.905,3.633,,
6-Feb-24,3.876,3.893,3.932,3.922,3.667,,
7-Feb-24,3.877,3.874,3.895,3.899,3.656,,
8-Feb-24,3.888,3.873,3.898,3.888,3.64,,
9-Feb-24,3.884,3.835,3.891,3.898,3.658,,
12-Feb-24,3.876,3.882,3.912,3.908,3.678,,
13-Feb-24,3.875,3.862,3.901,3.882,3.655,,
14-Feb-24,3.875,3.871,3.922,3.903,3.692,,
15-Feb-24,3.852,3.877,3.915,3.925,3.662,,
16-Feb-24,3.882,3.881,3.933,3.895,3.648,,
19-Feb-24,3.893,3.851,3.932,3.915,3.67,,
20-Feb-24,3.886,3.895,3.943,3.928,3.686,,
21-Feb-24,3.873,3.886,3.946,3.911,3.695,,
22-Feb-24,3.86,3.864,3.945,3.907,3.697,,
23-Feb-24,3.899,3.851,3.933,3.914,3.738,,
26-Feb-24,3.907,3.843,3.952,3.901,3.732,,
27-Feb-24,3.885,3.855,3.952,3.918,3.735,,
28-Feb-24,3.878,3.856,3.942,3.915,3.748,,
29-Feb-24,3.879,3.865,3.937,3.908,3.749,,
1-Mar-24,3.872,3.817,3.938,3.912,3.744,,
4-Mar-24,3.866,3.839,3.932,3.915,3.732,,
5-Mar-24,3.881,3.868,3.926,3.921,3.751,,
6-Mar-24,3.861,3.865,3.942,3.902,3.748,,
7-Mar-24,3.87,3.868,3.929,3.912,3.746,,
8-Mar-24,3.88,3.878,3.94,3.902,3.745,,
11-Mar-24,3.893,3.871,3.928,3.892,3.703,,
12-Mar-24,3.874,3.847,3.929,3.905,3.712,,
13-Mar-24,3.884,3.859,3.94,3.892,3.702,,
14-Mar-24,3.881,3.843,3.928,3.903,3.701,,
15-Mar-24,3.89,3.862,3.928,3.908,3.709,,
18-Mar-24,3.871,3.855,3.928,3.915,3.75,,
19-Mar-24,3.875,3.862,3.935,3.909,3.756,,
20-Mar-24,3.878,3.862,3.922,3.906,3.755,,
21-Mar-24,3.868,3.848,3.926,3.902,3.735,,
22-Mar-24,3.875,3.853,3.903,3.874,3.682,,
25-Mar-24,3.885,3.842,3.886,3.855,3.658,,
26-Mar-24,3.875,3.83,3.902,3.858,3.675,,
27-Mar-24,3.835,3.835,3.908,3.862,3.684,,
28-Mar-24,3.853,3.855,3.892,3.851,3.669,,
29-Mar-24,3.853,3.855,3.892,3.851,3.669,,
1-Apr-24,3.853,3.855,3.892,3.851,3.669,,
2-Apr-24,3.87,3.855,3.883,3.842,3.664,,
3-Apr-24,3.863,3.852,3.857,3.822,3.648,,
4-Apr-24,3.875,3.877,3.891,3.844,3.663,,
5-Apr-24,3.89,3.888,3.885,3.834,3.656,,
8-Apr-24,3.888,3.877,3.902,3.846,3.673,,
9-Apr-24,3.875,3.837,3.916,3.868,3.695,,
10-Apr-24,3.879,3.854,3.912,3.83,3.689,,
11-Apr-24,3.876,3.879,3.906,3.862,3.729,,
12-Apr-24,3.88,3.836,3.923,3.865,3.748,,
15-Apr-24,3.898,3.846,3.888,3.82,3.693,,
16-Apr-24,3.863,3.855,3.904,3.842,3.702,,
17-Apr-24,3.855,3.828,3.895,3.842,3.72,,
18-Apr-24,3.865,3.855,3.897,3.843,3.731,,
19-Apr-24,3.891,3.837,3.892,3.846,3.732,,
22-Apr-24,3.866,3.819,3.891,3.85,3.734,,
23-Apr-24,3.84,3.815,3.882,3.844,3.718,,
24-Apr-24,3.851,3.852,3.879,3.833,3.701,,
25-Apr-24,3.868,3.862,3.864,3.825,3.728,,
26-Apr-24,3.883,3.848,3.865,3.835,3.724,,
29-Apr-24,3.852,3.858,3.835,3.815,3.726,,
30-Apr-24,3.802,3.873,3.825,3.795,3.696,,
1-May-24,3.802,3.873,3.825,3.795,3.696,,
2-May-24,3.858,3.877,3.853,3.828,3.728,,
3-May-24,3.893,3.865,3.827,3.802,3.693,,
6-May-24,3.886,3.852,3.824,3.791,3.658,,
7-May-24,3.868,3.875,3.788,3.802,3.647,,
8-May-24,3.882,3.87,3.814,3.795,3.642,,
9-May-24,3.878,3.862,3.806,3.802,3.628,,
10-May-24,3.892,3.856,3.818,3.789,3.629,,
13-May-24,3.895,3.828,3.828,3.8,3.654,,
14-May-24,3.888,3.838,3.824,3.799,3.638,,
15-May-24,3.872,3.83,3.816,3.798,3.679,,
16-May-24,3.885,3.817,3.826,3.795,3.65,,
17-May-24,3.875,3.799,3.83,3.791,3.645,,
20-May-24,3.883,3.807,3.822,3.787,3.673,,
21-May-24,3.894,3.785,3.823,3.784,3.68,,
22-May-24,3.893,3.797,3.819,3.784,3.67,,
23-May-24,3.875,3.805,3.801,3.783,3.702,,
24-May-24,3.881,3.792,3.808,3.78,3.729,,
27-May-24,3.863,3.792,3.8,3.775,3.74,,
28-May-24,3.879,3.764,3.785,3.749,3.722,,
29-May-24,3.869,3.772,3.794,3.768,3.716,,
30-May-24,3.892,3.75,3.788,3.759,3.729,,
31-May-24,3.889,3.717,3.785,3.745,3.711,,
3-Jun-24,3.828,3.69,3.782,3.755,3.722,,
4-Jun-24,3.83,3.666,3.772,3.756,3.715,,
5-Jun-24,3.812,3.676,3.752,3.738,3.69,,
6-Jun-24,3.848,3.688,3.755,3.744,3.684,,
7-Jun-24,3.794,3.679,3.759,3.735,3.701,,
10-Jun-24,3.716,3.654,3.743,3.748,3.725,,
11-Jun-24,3.717,3.613,3.739,3.751,3.728,,
12-Jun-24,3.65,3.63,3.72,3.748,3.719,,
13-Jun-24,3.615,3.599,3.719,3.743,3.678,,
14-Jun-24,3.626,3.579,3.715,3.735,3.672,,
17-Jun-24,3.641,3.602,3.711,3.711,3.628,,
18-Jun-24,3.612,3.606,3.717,3.695,3.6,,
19-Jun-24,3.59,3.608,3.712,3.695,3.613,,
20-Jun-24,3.648,3.598,3.7,3.689,3.608,,
21-Jun-24,3.622,3.6,3.686,3.691,3.622,,
24-Jun-24,3.619,3.622,3.682,3.661,3.58,,
25-Jun-24,3.616,3.642,3.698,3.671,3.578,,
26-Jun-24,3.607,3.646,3.722,3.672,3.576,,
27-Jun-24,3.618,3.664,3.695,3.678,3.575,,
28-Jun-24,3.612,3.632,3.711,3.682,3.578,,
1-Jul-24,3.641,3.655,3.709,3.678,3.567,,
2-Jul-24,3.63,3.654,3.714,3.676,3.589,,
3-Jul-24,3.608,3.635,3.705,3.678,3.596,,
4-Jul-24,3.608,3.624,3.708,3.683,3.592,,
5-Jul-24,3.607,3.635,3.712,3.678,3.588,,
8-Jul-24,3.605,3.628,3.699,3.675,3.599,,
9-Jul-24,3.608,3.615,3.708,3.668,3.593,,
10-Jul-24,3.608,3.598,3.704,3.683,3.602,,
11-Jul-24,3.609,3.611,3.685,3.676,3.595,,
12-Jul-24,3.61,3.625,3.664,3.662,3.564,,
15-Jul-24,3.595,3.572,3.662,3.635,3.522,,
16-Jul-24,3.589,3.583,3.674,3.634,3.506,,
17-Jul-24,3.597,3.601,3.678,3.62,3.503,,
18-Jul-24,3.626,3.633,3.688,3.624,3.503,,
19-Jul-24,3.622,3.626,3.698,3.633,3.502,,
22-Jul-24,3.612,3.63,3.705,3.641,3.511,,
23-Jul-24,3.579,3.618,3.685,3.642,3.508,,
24-Jul-24,3.579,3.598,3.698,3.652,3.528,,
25-Jul-24,3.624,3.604,3.686,3.619,3.481,,
26-Jul-24,3.642,3.621,3.655,3.591,3.426,,
29-Jul-24,3.595,3.596,3.636,3.59,3.425,,
30-Jul-24,3.643,3.611,3.631,3.585,3.406,,
31-Jul-24,3.607,3.63,3.647,3.579,3.39,,
1-Aug-24,3.642,3.606,3.638,3.563,3.349,,
2-Aug-24,3.645,3.611,3.623,3.553,3.32,,
5-Aug-24,3.62,3.569,3.584,3.494,3.238,,
6-Aug-24,3.628,3.558,3.523,3.397,3.138,,
7-Aug-24,3.626,3.594,3.569,3.462,3.192,,
8-Aug-24,3.619,3.592,3.577,3.488,3.202,,
9-Aug-24,3.642,3.618,3.557,3.437,3.176,,
12-Aug-24,3.63,3.625,3.548,3.445,3.191,,
13-Aug-24,3.649,3.635,3.542,3.441,3.18,,
14-Aug-24,3.609,3.606,3.542,3.398,3.148,,
15-Aug-24,3.605,3.599,3.549,3.375,3.117,,
16-Aug-24,3.621,3.595,3.56,3.367,3.139,,
19-Aug-24,3.652,3.584,3.551,3.408,3.183,,
20-Aug-24,3.628,3.587,3.538,3.407,3.159,,
21-Aug-24,3.605,3.596,3.542,3.41,3.162,,
22-Aug-24,3.625,3.608,3.541,3.408,3.133,,
23-Aug-24,3.635,3.595,3.525,3.382,3.102,,
26-Aug-24,3.631,3.583,3.523,3.401,3.116,,
27-Aug-24,3.622,3.584,3.515,3.385,3.095,,
28-Aug-24,3.609,3.592,3.505,3.391,3.119,,
29-Aug-24,3.606,3.602,3.505,3.376,3.108,,
30-Aug-24,3.623,3.589,3.49,3.36,3.088,,
2-Sep-24,3.608,3.588,3.469,3.351,3.072,,
3-Sep-24,3.619,3.561,3.458,3.381,3.113,,
4-Sep-24,3.602,3.536,3.449,3.379,3.094,,
5-Sep-24,3.614,3.542,3.47,3.364,3.053,,
6-Sep-24,3.608,3.521,3.468,3.346,3.025,,
9-Sep-24,3.628,3.51,3.462,3.307,2.986,,
10-Sep-24,3.64,3.489,3.46,3.293,2.97,,
11-Sep-24,3.587,3.444,3.467,3.276,2.96,,
12-Sep-24,3.602,3.436,3.481,3.265,2.929,,
13-Sep-24,3.518,3.405,3.472,3.271,2.948,,
16-Sep-24,3.492,3.412,3.488,3.285,2.975,,
17-Sep-24,3.442,3.414,3.48,3.268,2.948,,
18-Sep-24,3.42,3.398,3.458,3.239,2.921,,
19-Sep-24,3.363,3.395,3.455,3.223,2.936,,
20-Sep-24,3.351,3.374,3.436,3.184,2.918,,
23-Sep-24,3.362,3.346,3.431,3.212,2.902,,
24-Sep-24,3.382,3.358,3.402,3.196,2.858,,
25-Sep-24,3.355,3.375,3.352,3.155,2.776,,
26-Sep-24,3.367,3.378,3.345,3.162,2.755,,
27-Sep-24,3.369,3.365,3.326,3.152,2.771,,
30-Sep-24,3.383,3.353,3.279,3.105,2.747,,
1-Oct-24,3.328,3.33,3.252,3.092,2.749,,
2-Oct-24,3.348,3.329,3.246,3.092,2.745,,
3-Oct-24,3.39,3.293,3.238,3.071,2.712,,
4-Oct-24,3.395,3.27,3.25,3.046,2.688,,
7-Oct-24,3.391,3.282,3.268,3.048,2.712,,
8-Oct-24,3.392,3.272,3.265,3.058,2.798,,
9-Oct-24,3.402,3.256,3.223,3.047,2.792,,
10-Oct-24,3.382,3.255,3.184,3.055,2.791,,
11-Oct-24,3.408,3.245,3.179,3.064,2.822,,
14-Oct-24,3.4,3.258,3.205,3.062,2.799,,
15-Oct-24,3.405,3.235,3.215,3.057,2.766,,
16-Oct-24,3.34,3.207,3.208,3.047,2.743,,
17-Oct-24,3.366,3.174,3.219,3.036,2.717,,
18-Oct-24,3.339,3.147,3.201,3.028,2.709,,
21-Oct-24,3.345,3.145,3.138,2.972,2.63,,
22-Oct-24,3.29,3.131,3.098,2.954,2.622,,
23-Oct-24,3.26,3.105,3.086,2.972,2.674,,
24-Oct-24,3.165,3.102,3.072,2.92,2.614,,
25-Oct-24,3.149,3.127,3.059,2.894,2.565,,
28-Oct-24,3.171,3.152,3.052,2.905,2.58,,
29-Oct-24,3.152,3.146,3.056,2.886,2.577,,
30-Oct-24,3.144,3.13,3.056,2.867,2.548,,
31-Oct-24,3.116,3.135,3.062,2.864,2.547,,
1-Nov-24,3.131,3.119,3.085,2.912,2.629,,
4-Nov-24,3.129,3.128,3.075,2.916,2.619,,
5-Nov-24,3.142,3.092,3.057,2.923,2.63,,
6-Nov-24,3.145,3.102,3.049,2.916,2.642,,
7-Nov-24,3.134,3.095,3.032,2.858,2.563,,
8-Nov-24,3.135,3.087,3.032,2.822,2.534,,
11-Nov-24,3.148,3.08,3.04,2.831,2.528,,
12-Nov-24,3.145,3.088,3.034,2.797,2.502,,
13-Nov-24,3.147,3.099,3.023,2.779,2.495,,
14-Nov-24,3.167,3.083,3.005,2.765,2.494,,
15-Nov-24,3.172,3.062,2.998,2.748,2.475,,
18-Nov-24,3.173,3.043,3.004,2.735,2.432,,
19-Nov-24,3.142,3.035,3.013,2.743,2.448,,
20-Nov-24,3.157,3.045,3,2.761,2.465,,
21-Nov-24,3.141,3.079,3.005,2.778,2.491,,
22-Nov-24,3.138,3.075,3.022,2.77,2.489,,
25-Nov-24,3.166,3.078,2.985,2.711,2.416,,
26-Nov-24,3.163,3.002,2.898,2.676,2.393,,
27-Nov-24,3.163,2.977,2.912,2.694,2.448,,
28-Nov-24,3.152,3.022,2.939,2.708,2.463,,
29-Nov-24,3.128,3.004,2.934,2.695,2.461,,
2-Dec-24,3.16,2.987,2.924,2.675,2.431,,
3-Dec-24,3.116,3.002,2.879,2.634,2.356,,
4-Dec-24,3.102,3.025,2.877,2.625,2.348,,
5-Dec-24,3.136,3.027,2.881,2.642,2.388,,
6-Dec-24,3.142,3.005,2.868,2.654,2.399,,
9-Dec-24,3.159,2.944,2.862,2.661,2.45,,
10-Dec-24,3.138,2.887,2.872,2.655,2.439,,
11-Dec-24,3.09,2.889,2.888,2.654,2.429,,
12-Dec-24,3.112,2.902,2.886,2.656,2.421,,
13-Dec-24,3.076,2.871,2.843,2.639,2.405,,
16-Dec-24,3.095,2.845,2.863,2.655,2.443,,
17-Dec-24,3.04,2.775,2.865,2.664,2.474,,
18-Dec-24,2.945,2.762,2.852,2.652,2.474,,
19-Dec-24,2.895,2.795,2.839,2.637,2.469,,
20-Dec-24,2.862,2.801,2.772,2.624,2.484,,
23-Dec-24,2.857,2.846,2.731,2.612,2.461,,
24-Dec-24,2.878,2.863,2.715,2.597,2.471,,
27-Dec-24,2.935,2.863,2.683,2.577,2.465,,
30-Dec-24,2.912,2.867,2.678,2.562,2.454,,
31-Dec-24,2.924,2.845,2.714,2.568,2.46,,
2-Jan-25,2.911,2.785,2.736,2.562,2.448,,
3-Jan-25,2.901,2.792,2.731,2.554,2.448,,
6-Jan-25,2.898,2.835,2.757,2.585,2.487,,
7-Jan-25,2.88,2.84,2.785,2.631,2.556,,
8-Jan-25,2.875,2.862,2.782,2.639,2.561,,
9-Jan-25,2.904,2.883,2.789,2.649,2.553,,
10-Jan-25,2.925,2.839,2.766,2.641,2.564,,
13-Jan-25,2.915,2.85,2.785,2.655,2.576,,
14-Jan-25,2.926,2.852,2.761,2.685,2.612,,
15-Jan-25,2.916,2.843,2.748,2.657,2.559,,
16-Jan-25,2.916,2.824,2.744,2.668,2.563,,
17-Jan-25,2.915,2.798,2.704,2.642,2.524,,
20-Jan-25,2.921,2.785,2.677,2.619,2.483,,
21-Jan-25,2.909,2.774,2.681,2.606,2.489,,
22-Jan-25,2.921,2.776,2.671,2.585,2.493,,
23-Jan-25,2.925,2.755,2.673,2.586,2.493,,
24-Jan-25,2.913,2.735,2.641,2.581,2.499,,
27-Jan-25,2.903,2.735,2.641,2.6,2.528,,
28-Jan-25,2.882,2.744,2.615,2.591,2.534,,
29-Jan-25,2.856,2.725,2.612,2.598,2.535,,
30-Jan-25,2.849,2.729,2.606,2.593,2.531,,
31-Jan-25,2.801,2.66,2.589,2.59,2.519,,
,,,,,,,
,,,,,,,